soldering,casting,bolting,shipping,
soldering,casting,bolting,shipping,
soldering,molding,bolting,shipping,
soldering,molding,bolting,shipping,
soldering,casting,molding,bolting,shipping
soldering,casting,bolting,shipping,
soldering,molding,bolting,shipping,
soldering,casting,bolting,shipping,
soldering,molding,bolting,shipping,
soldering,casting,molding,bolting,shipping
soldering,casting,molding,bolting,shipping
soldering,casting,bolting,shipping,
soldering,molding,bolting,shipping,
soldering,casting,bolting,shipping,
soldering,molding,bolting,shipping,
soldering,molding,bolting,shipping,
soldering,casting,molding,shipping,
soldering,casting,bolting,shipping,
soldering,molding,bolting,shipping,
soldering,casting,bolting,shipping,
