int(self),self.no_transporter,self.disturbance_cycle,tdi,self.cycle,mean_cyc_to_deliver,mean(self.residue),self.setup_file,self.item_file
0,12,100,50,320,61.72,0.027777777777778,../includes/setup_smartphone2.csv,../includes/orderedItems50.csv
1,12,100,50,301,49.68,0.111111111111111,../includes/setup_smartphone2.csv,../includes/orderedItems50.csv
2,12,100,50,319,53.52,0.083333333333333,../includes/setup_smartphone2.csv,../includes/orderedItems50.csv
3,12,100,50,311,50.98,0.055555555555556,../includes/setup_smartphone2.csv,../includes/orderedItems50.csv
4,12,100,50,319,56.9,0.083333333333333,../includes/setup_smartphone2.csv,../includes/orderedItems50.csv
5,12,100,50,324,51.6,0.083333333333333,../includes/setup_smartphone2.csv,../includes/orderedItems50.csv
6,12,100,50,320,50.34,0.111111111111111,../includes/setup_smartphone2.csv,../includes/orderedItems50.csv
7,12,100,50,314,51.56,0.027777777777778,../includes/setup_smartphone2.csv,../includes/orderedItems50.csv
8,12,100,50,301,50.06,0.055555555555556,../includes/setup_smartphone2.csv,../includes/orderedItems50.csv
9,12,100,50,319,50.02,0.083333333333333,../includes/setup_smartphone2.csv,../includes/orderedItems50.csv
10,12,100,50,336,60.06,0.055555555555556,../includes/setup_smartphone2.csv,../includes/orderedItems50.csv
11,12,100,50,346,50.42,0.111111111111111,../includes/setup_smartphone2.csv,../includes/orderedItems50.csv
12,12,150,50,287,48.66,0,../includes/setup_smartphone2.csv,../includes/orderedItems50.csv
13,12,150,50,296,49.74,0.083333333333333,../includes/setup_smartphone2.csv,../includes/orderedItems50.csv
14,12,150,50,305,52.46,0,../includes/setup_smartphone2.csv,../includes/orderedItems50.csv
15,12,150,50,292,48.94,0,../includes/setup_smartphone2.csv,../includes/orderedItems50.csv
16,12,150,50,308,49.58,0,../includes/setup_smartphone2.csv,../includes/orderedItems50.csv
17,12,150,50,325,48.52,0.125,../includes/setup_smartphone2.csv,../includes/orderedItems50.csv
18,12,150,50,332,47.38,0.125,../includes/setup_smartphone2.csv,../includes/orderedItems50.csv
19,12,150,50,304,46.44,0.041666666666667,../includes/setup_smartphone2.csv,../includes/orderedItems50.csv
20,12,150,50,310,48.7,0.041666666666667,../includes/setup_smartphone2.csv,../includes/orderedItems50.csv
21,12,150,50,355,63.06,0.041666666666667,../includes/setup_smartphone2.csv,../includes/orderedItems50.csv
22,12,150,50,300,46.12,0.083333333333333,../includes/setup_smartphone2.csv,../includes/orderedItems50.csv
23,12,150,50,363,50.14,0.125,../includes/setup_smartphone2.csv,../includes/orderedItems50.csv
24,12,200,50,289,46.32,0.083333333333333,../includes/setup_smartphone2.csv,../includes/orderedItems50.csv
25,12,200,50,338,64.04,0,../includes/setup_smartphone2.csv,../includes/orderedItems50.csv
26,12,200,50,343,48.24,0.166666666666667,../includes/setup_smartphone2.csv,../includes/orderedItems50.csv
27,12,200,50,300,51.44,0,../includes/setup_smartphone2.csv,../includes/orderedItems50.csv
28,12,200,50,301,49.06,0,../includes/setup_smartphone2.csv,../includes/orderedItems50.csv
29,12,200,50,303,47.04,0.083333333333333,../includes/setup_smartphone2.csv,../includes/orderedItems50.csv
30,12,200,50,326,52.8,0.166666666666667,../includes/setup_smartphone2.csv,../includes/orderedItems50.csv
31,12,200,50,334,53.46,0.083333333333333,../includes/setup_smartphone2.csv,../includes/orderedItems50.csv
32,12,200,50,311,49.06,0.083333333333333,../includes/setup_smartphone2.csv,../includes/orderedItems50.csv
33,12,200,50,329,50.54,0,../includes/setup_smartphone2.csv,../includes/orderedItems50.csv
34,12,200,50,300,47.28,0,../includes/setup_smartphone2.csv,../includes/orderedItems50.csv
35,12,200,50,349,48.9,0.166666666666667,../includes/setup_smartphone2.csv,../includes/orderedItems50.csv
36,12,250,50,287,47.82,0.083333333333333,../includes/setup_smartphone2.csv,../includes/orderedItems50.csv
37,12,250,50,326,58.74,0,../includes/setup_smartphone2.csv,../includes/orderedItems50.csv
38,12,250,50,349,47.86,0.166666666666667,../includes/setup_smartphone2.csv,../includes/orderedItems50.csv
39,12,250,50,302,50.22,0,../includes/setup_smartphone2.csv,../includes/orderedItems50.csv
40,12,250,50,306,53.3,0,../includes/setup_smartphone2.csv,../includes/orderedItems50.csv
41,12,250,50,322,48.62,0.083333333333333,../includes/setup_smartphone2.csv,../includes/orderedItems50.csv
42,12,250,50,321,48.58,0,../includes/setup_smartphone2.csv,../includes/orderedItems50.csv
43,12,250,50,314,50.14,0,../includes/setup_smartphone2.csv,../includes/orderedItems50.csv
44,12,250,50,310,53.88,0,../includes/setup_smartphone2.csv,../includes/orderedItems50.csv
45,12,250,50,319,47.22,0.083333333333333,../includes/setup_smartphone2.csv,../includes/orderedItems50.csv
46,12,250,50,302,49.66,0,../includes/setup_smartphone2.csv,../includes/orderedItems50.csv
47,12,250,50,355,51.76,0.083333333333333,../includes/setup_smartphone2.csv,../includes/orderedItems50.csv
48,12,300,50,286,47.36,0,../includes/setup_smartphone2.csv,../includes/orderedItems50.csv
49,12,300,50,325,58.06,0,../includes/setup_smartphone2.csv,../includes/orderedItems50.csv
50,12,300,50,338,47.82,0.083333333333333,../includes/setup_smartphone2.csv,../includes/orderedItems50.csv
51,12,300,50,300,49.86,0,../includes/setup_smartphone2.csv,../includes/orderedItems50.csv
52,12,300,50,309,53.4,0,../includes/setup_smartphone2.csv,../includes/orderedItems50.csv
53,12,300,50,315,47.76,0,../includes/setup_smartphone2.csv,../includes/orderedItems50.csv
54,12,300,50,318,52.7,0,../includes/setup_smartphone2.csv,../includes/orderedItems50.csv
55,12,300,50,318,51.44,0,../includes/setup_smartphone2.csv,../includes/orderedItems50.csv
56,12,300,50,313,48.3,0.083333333333333,../includes/setup_smartphone2.csv,../includes/orderedItems50.csv
57,12,300,50,342,50.72,0,../includes/setup_smartphone2.csv,../includes/orderedItems50.csv
58,12,300,50,297,49.06,0,../includes/setup_smartphone2.csv,../includes/orderedItems50.csv
59,12,300,50,347,49.32,0.083333333333333,../includes/setup_smartphone2.csv,../includes/orderedItems50.csv
60,12,20000,50,283,46.44,0,../includes/setup_smartphone2.csv,../includes/orderedItems50.csv
61,12,20000,50,325,58.06,0,../includes/setup_smartphone2.csv,../includes/orderedItems50.csv
62,12,20000,50,342,64.32,0,../includes/setup_smartphone2.csv,../includes/orderedItems50.csv
63,12,20000,50,300,49.86,0,../includes/setup_smartphone2.csv,../includes/orderedItems50.csv
64,12,20000,50,302,48.42,0,../includes/setup_smartphone2.csv,../includes/orderedItems50.csv
65,12,20000,50,315,47.76,0,../includes/setup_smartphone2.csv,../includes/orderedItems50.csv
66,12,20000,50,312,52.58,0,../includes/setup_smartphone2.csv,../includes/orderedItems50.csv
67,12,20000,50,322,51.52,0,../includes/setup_smartphone2.csv,../includes/orderedItems50.csv
68,12,20000,50,315,48.34,0,../includes/setup_smartphone2.csv,../includes/orderedItems50.csv
69,12,20000,50,337,50.56,0,../includes/setup_smartphone2.csv,../includes/orderedItems50.csv
70,12,20000,50,297,49.06,0,../includes/setup_smartphone2.csv,../includes/orderedItems50.csv
71,12,20000,50,352,49.26,0,../includes/setup_smartphone2.csv,../includes/orderedItems50.csv
72,12,100,100,583,58.93,0.016666666666667,../includes/setup_smartphone2.csv,../includes/orderedItems100.csv
73,12,100,100,561,50.9,0.066666666666667,../includes/setup_smartphone2.csv,../includes/orderedItems100.csv
74,12,100,100,553,49.56,0.05,../includes/setup_smartphone2.csv,../includes/orderedItems100.csv
75,12,100,100,565,51.52,0.016666666666667,../includes/setup_smartphone2.csv,../includes/orderedItems100.csv
76,12,100,100,523,47.03,0.066666666666667,../includes/setup_smartphone2.csv,../includes/orderedItems100.csv
77,12,100,100,604,53.23,0.083333333333333,../includes/setup_smartphone2.csv,../includes/orderedItems100.csv
78,12,100,100,612,55.18,0.055555555555556,../includes/setup_smartphone2.csv,../includes/orderedItems100.csv
79,12,100,100,600,57.99,0.027777777777778,../includes/setup_smartphone2.csv,../includes/orderedItems100.csv
80,12,100,100,589,57.68,0.033333333333333,../includes/setup_smartphone2.csv,../includes/orderedItems100.csv
81,12,100,100,605,49.31,0.111111111111111,../includes/setup_smartphone2.csv,../includes/orderedItems100.csv
82,12,100,100,583,53.08,0.016666666666667,../includes/setup_smartphone2.csv,../includes/orderedItems100.csv
83,12,100,100,645,51.31,0.125,../includes/setup_smartphone2.csv,../includes/orderedItems100.csv
84,12,150,100,579,58.07,0,../includes/setup_smartphone2.csv,../includes/orderedItems100.csv
85,12,150,100,564,52.7,0.055555555555556,../includes/setup_smartphone2.csv,../includes/orderedItems100.csv
86,12,150,100,560,51.27,0,../includes/setup_smartphone2.csv,../includes/orderedItems100.csv
87,12,150,100,550,51.03,0,../includes/setup_smartphone2.csv,../includes/orderedItems100.csv
88,12,150,100,567,53.39,0.027777777777778,../includes/setup_smartphone2.csv,../includes/orderedItems100.csv
89,12,150,100,580,52.78,0,../includes/setup_smartphone2.csv,../includes/orderedItems100.csv
90,12,150,100,601,51.19,0.041666666666667,../includes/setup_smartphone2.csv,../includes/orderedItems100.csv
91,12,150,100,558,47.25,0.083333333333333,../includes/setup_smartphone2.csv,../includes/orderedItems100.csv
92,12,150,100,569,52.67,0,../includes/setup_smartphone2.csv,../includes/orderedItems100.csv
93,12,150,100,585,52.1,0.055555555555556,../includes/setup_smartphone2.csv,../includes/orderedItems100.csv
94,12,150,100,623,64.01,0.020833333333333,../includes/setup_smartphone2.csv,../includes/orderedItems100.csv
95,12,150,100,630,54.61,0.0625,../includes/setup_smartphone2.csv,../includes/orderedItems100.csv
96,12,200,100,561,56.08,0,../includes/setup_smartphone2.csv,../includes/orderedItems100.csv
97,12,200,100,577,52.07,0.083333333333333,../includes/setup_smartphone2.csv,../includes/orderedItems100.csv
98,12,200,100,556,50.83,0,../includes/setup_smartphone2.csv,../includes/orderedItems100.csv
99,12,200,100,554,53.18,0,../includes/setup_smartphone2.csv,../includes/orderedItems100.csv
100,12,200,100,583,56.01,0.041666666666667,../includes/setup_smartphone2.csv,../includes/orderedItems100.csv
101,12,200,100,595,56.81,0,../includes/setup_smartphone2.csv,../includes/orderedItems100.csv
102,12,200,100,572,49.93,0,../includes/setup_smartphone2.csv,../includes/orderedItems100.csv
103,12,200,100,596,50.82,0,../includes/setup_smartphone2.csv,../includes/orderedItems100.csv
104,12,200,100,543,48.52,0,../includes/setup_smartphone2.csv,../includes/orderedItems100.csv
105,12,200,100,587,49.65,0.041666666666667,../includes/setup_smartphone2.csv,../includes/orderedItems100.csv
106,12,200,100,567,48.7,0.041666666666667,../includes/setup_smartphone2.csv,../includes/orderedItems100.csv
107,12,200,100,645,53.2,0.027777777777778,../includes/setup_smartphone2.csv,../includes/orderedItems100.csv
108,12,250,100,563,53.42,0,../includes/setup_smartphone2.csv,../includes/orderedItems100.csv
109,12,250,100,573,49.22,0.041666666666667,../includes/setup_smartphone2.csv,../includes/orderedItems100.csv
110,12,250,100,564,50.82,0,../includes/setup_smartphone2.csv,../includes/orderedItems100.csv
111,12,250,100,568,54.29,0,../includes/setup_smartphone2.csv,../includes/orderedItems100.csv
112,12,250,100,576,51.85,0,../includes/setup_smartphone2.csv,../includes/orderedItems100.csv
113,12,250,100,646,62.46,0,../includes/setup_smartphone2.csv,../includes/orderedItems100.csv
114,12,250,100,606,57.21,0,../includes/setup_smartphone2.csv,../includes/orderedItems100.csv
115,12,250,100,580,51.8,0.041666666666667,../includes/setup_smartphone2.csv,../includes/orderedItems100.csv
116,12,250,100,586,53.83,0,../includes/setup_smartphone2.csv,../includes/orderedItems100.csv
117,12,250,100,586,48.69,0.041666666666667,../includes/setup_smartphone2.csv,../includes/orderedItems100.csv
118,12,250,100,582,52.33,0,../includes/setup_smartphone2.csv,../includes/orderedItems100.csv
119,12,250,100,635,55.82,0.041666666666667,../includes/setup_smartphone2.csv,../includes/orderedItems100.csv
120,12,300,100,579,57.19,0,../includes/setup_smartphone2.csv,../includes/orderedItems100.csv
121,12,300,100,572,51.19,0,../includes/setup_smartphone2.csv,../includes/orderedItems100.csv
122,12,300,100,579,50.87,0,../includes/setup_smartphone2.csv,../includes/orderedItems100.csv
123,12,300,100,565,54.41,0,../includes/setup_smartphone2.csv,../includes/orderedItems100.csv
124,12,300,100,576,49.51,0,../includes/setup_smartphone2.csv,../includes/orderedItems100.csv
125,12,300,100,604,52.77,0,../includes/setup_smartphone2.csv,../includes/orderedItems100.csv
126,12,300,100,583,48.02,0,../includes/setup_smartphone2.csv,../includes/orderedItems100.csv
127,12,300,100,636,58.73,0,../includes/setup_smartphone2.csv,../includes/orderedItems100.csv
128,12,300,100,605,57.14,0,../includes/setup_smartphone2.csv,../includes/orderedItems100.csv
129,12,300,100,594,51.19,0,../includes/setup_smartphone2.csv,../includes/orderedItems100.csv
130,12,300,100,565,50.61,0,../includes/setup_smartphone2.csv,../includes/orderedItems100.csv
131,12,300,100,641,51.34,0.041666666666667,../includes/setup_smartphone2.csv,../includes/orderedItems100.csv
132,12,20000,100,573,55.4,0,../includes/setup_smartphone2.csv,../includes/orderedItems100.csv
133,12,20000,100,599,55.13,0,../includes/setup_smartphone2.csv,../includes/orderedItems100.csv
134,12,20000,100,552,49.62,0,../includes/setup_smartphone2.csv,../includes/orderedItems100.csv
135,12,20000,100,570,55.16,0,../includes/setup_smartphone2.csv,../includes/orderedItems100.csv
136,12,20000,100,578,51.44,0,../includes/setup_smartphone2.csv,../includes/orderedItems100.csv
137,12,20000,100,583,52.45,0,../includes/setup_smartphone2.csv,../includes/orderedItems100.csv
138,12,20000,100,609,57.5,0,../includes/setup_smartphone2.csv,../includes/orderedItems100.csv
139,12,20000,100,596,53.09,0,../includes/setup_smartphone2.csv,../includes/orderedItems100.csv
140,12,20000,100,571,51.53,0,../includes/setup_smartphone2.csv,../includes/orderedItems100.csv
141,12,20000,100,597,51,0,../includes/setup_smartphone2.csv,../includes/orderedItems100.csv
142,12,20000,100,570,52.78,0,../includes/setup_smartphone2.csv,../includes/orderedItems100.csv
143,12,20000,100,646,56.69,0,../includes/setup_smartphone2.csv,../includes/orderedItems100.csv
144,12,100,250,1377,58.728,0.006410256410256,../includes/setup_smartphone2.csv,../includes/orderedItems250.csv
145,12,100,250,1300,51.144,0.038461538461539,../includes/setup_smartphone2.csv,../includes/orderedItems250.csv
146,12,100,250,1462,61.42,0.017857142857143,../includes/setup_smartphone2.csv,../includes/orderedItems250.csv
147,12,100,250,1314,51.32,0.025641025641026,../includes/setup_smartphone2.csv,../includes/orderedItems250.csv
148,12,100,250,1375,56.732,0.025641025641026,../includes/setup_smartphone2.csv,../includes/orderedItems250.csv
149,12,100,250,1362,52.02,0.032051282051282,../includes/setup_smartphone2.csv,../includes/orderedItems250.csv
150,12,100,250,1370,52.416,0.025641025641026,../includes/setup_smartphone2.csv,../includes/orderedItems250.csv
151,12,100,250,1336,52.204,0.038461538461539,../includes/setup_smartphone2.csv,../includes/orderedItems250.csv
152,12,100,250,1317,52.14,0.025641025641026,../includes/setup_smartphone2.csv,../includes/orderedItems250.csv
153,12,100,250,1422,50.388,0.113095238095238,../includes/setup_smartphone2.csv,../includes/orderedItems250.csv
154,12,100,250,1326,51.584,0.032051282051282,../includes/setup_smartphone2.csv,../includes/orderedItems250.csv
155,12,100,250,1458,53.608,0.083333333333333,../includes/setup_smartphone2.csv,../includes/orderedItems250.csv
156,12,150,250,1284,54.768,0,../includes/setup_smartphone2.csv,../includes/orderedItems250.csv
157,12,150,250,1328,52.392,0.020833333333333,../includes/setup_smartphone2.csv,../includes/orderedItems250.csv
158,12,150,250,1340,55.72,0,../includes/setup_smartphone2.csv,../includes/orderedItems250.csv
159,12,150,250,1274,49.356,0,../includes/setup_smartphone2.csv,../includes/orderedItems250.csv
160,12,150,250,1301,50.784,0.010416666666667,../includes/setup_smartphone2.csv,../includes/orderedItems250.csv
161,12,150,250,1385,54.24,0,../includes/setup_smartphone2.csv,../includes/orderedItems250.csv
162,12,150,250,1414,54.752,0.018518518518519,../includes/setup_smartphone2.csv,../includes/orderedItems250.csv
163,12,150,250,1416,55.46,0.046296296296296,../includes/setup_smartphone2.csv,../includes/orderedItems250.csv
164,12,150,250,1458,61.404,0.009259259259259,../includes/setup_smartphone2.csv,../includes/orderedItems250.csv
165,12,150,250,1385,50.896,0.046296296296296,../includes/setup_smartphone2.csv,../includes/orderedItems250.csv
166,12,150,250,1404,57.888,0.018518518518519,../includes/setup_smartphone2.csv,../includes/orderedItems250.csv
167,12,150,250,1516,49.552,0.133333333333333,../includes/setup_smartphone2.csv,../includes/orderedItems250.csv
168,12,200,250,1278,52.632,0,../includes/setup_smartphone2.csv,../includes/orderedItems250.csv
169,12,200,250,1298,51.604,0.097222222222222,../includes/setup_smartphone2.csv,../includes/orderedItems250.csv
170,12,200,250,1348,51.576,0.013888888888889,../includes/setup_smartphone2.csv,../includes/orderedItems250.csv
171,12,200,250,1351,54.184,0,../includes/setup_smartphone2.csv,../includes/orderedItems250.csv
172,12,200,250,1366,58.412,0.013888888888889,../includes/setup_smartphone2.csv,../includes/orderedItems250.csv
173,12,200,250,1380,53.26,0.027777777777778,../includes/setup_smartphone2.csv,../includes/orderedItems250.csv
174,12,200,250,1364,52.052,0.013888888888889,../includes/setup_smartphone2.csv,../includes/orderedItems250.csv
175,12,200,250,1394,50.308,0.011904761904762,../includes/setup_smartphone2.csv,../includes/orderedItems250.csv
176,12,200,250,1357,53.008,0,../includes/setup_smartphone2.csv,../includes/orderedItems250.csv
177,12,200,250,1404,51.3,0.023809523809524,../includes/setup_smartphone2.csv,../includes/orderedItems250.csv
178,12,200,250,1324,48.8,0.041666666666667,../includes/setup_smartphone2.csv,../includes/orderedItems250.csv
179,12,200,250,1444,50.948,0.071428571428572,../includes/setup_smartphone2.csv,../includes/orderedItems250.csv
180,12,250,250,1279,54.428,0,../includes/setup_smartphone2.csv,../includes/orderedItems250.csv
181,12,250,250,1348,56.212,0.016666666666667,../includes/setup_smartphone2.csv,../includes/orderedItems250.csv
182,12,250,250,1307,49.44,0,../includes/setup_smartphone2.csv,../includes/orderedItems250.csv
183,12,250,250,1296,52.636,0,../includes/setup_smartphone2.csv,../includes/orderedItems250.csv
184,12,250,250,1259,49.572,0,../includes/setup_smartphone2.csv,../includes/orderedItems250.csv
185,12,250,250,1404,54.172,0,../includes/setup_smartphone2.csv,../includes/orderedItems250.csv
186,12,250,250,1432,56.876,0.016666666666667,../includes/setup_smartphone2.csv,../includes/orderedItems250.csv
187,12,250,250,1330,50.392,0.016666666666667,../includes/setup_smartphone2.csv,../includes/orderedItems250.csv
188,12,250,250,1378,56.644,0,../includes/setup_smartphone2.csv,../includes/orderedItems250.csv
189,12,250,250,1386,50.032,0.033333333333333,../includes/setup_smartphone2.csv,../includes/orderedItems250.csv
190,12,250,250,1306,50.996,0,../includes/setup_smartphone2.csv,../includes/orderedItems250.csv
191,12,250,250,1469,52.276,0.016666666666667,../includes/setup_smartphone2.csv,../includes/orderedItems250.csv
192,12,300,250,1299,54.608,0,../includes/setup_smartphone2.csv,../includes/orderedItems250.csv
193,12,300,250,1330,52.428,0,../includes/setup_smartphone2.csv,../includes/orderedItems250.csv
194,12,300,250,1357,55.068,0,../includes/setup_smartphone2.csv,../includes/orderedItems250.csv
195,12,300,250,1381,58.272,0,../includes/setup_smartphone2.csv,../includes/orderedItems250.csv
196,12,300,250,1341,52.408,0,../includes/setup_smartphone2.csv,../includes/orderedItems250.csv
197,12,300,250,1360,52.684,0,../includes/setup_smartphone2.csv,../includes/orderedItems250.csv
198,12,300,250,1370,47.256,0.041666666666667,../includes/setup_smartphone2.csv,../includes/orderedItems250.csv
199,12,300,250,1353,49.02,0.020833333333333,../includes/setup_smartphone2.csv,../includes/orderedItems250.csv
200,12,300,250,1326,50.22,0.020833333333333,../includes/setup_smartphone2.csv,../includes/orderedItems250.csv
201,12,300,250,1399,54,0.020833333333333,../includes/setup_smartphone2.csv,../includes/orderedItems250.csv
202,12,300,250,1297,48.628,0.020833333333333,../includes/setup_smartphone2.csv,../includes/orderedItems250.csv
203,12,300,250,1514,56.54,0,../includes/setup_smartphone2.csv,../includes/orderedItems250.csv
204,12,20000,250,1357,58.8,0,../includes/setup_smartphone2.csv,../includes/orderedItems250.csv
205,12,20000,250,1302,51.792,0,../includes/setup_smartphone2.csv,../includes/orderedItems250.csv
206,12,20000,250,1330,55.732,0,../includes/setup_smartphone2.csv,../includes/orderedItems250.csv
207,12,20000,250,1350,55.996,0,../includes/setup_smartphone2.csv,../includes/orderedItems250.csv
208,12,20000,250,1369,57.504,0,../includes/setup_smartphone2.csv,../includes/orderedItems250.csv
209,12,20000,250,1352,52.008,0,../includes/setup_smartphone2.csv,../includes/orderedItems250.csv
210,12,20000,250,1384,52.412,0,../includes/setup_smartphone2.csv,../includes/orderedItems250.csv
211,12,20000,250,1450,54.384,0,../includes/setup_smartphone2.csv,../includes/orderedItems250.csv
212,12,20000,250,1394,55.96,0,../includes/setup_smartphone2.csv,../includes/orderedItems250.csv
213,12,20000,250,1390,51.82,0,../includes/setup_smartphone2.csv,../includes/orderedItems250.csv
214,12,20000,250,1303,51.872,0,../includes/setup_smartphone2.csv,../includes/orderedItems250.csv
215,12,20000,250,1477,53.128,0,../includes/setup_smartphone2.csv,../includes/orderedItems250.csv
684,12,100,50,358,48.56,0.222222222222222,../includes/setup_smartphone2.csv,../includes/orderedItems50.csv
685,12,100,50,306,50.14,0.111111111111111,../includes/setup_smartphone2.csv,../includes/orderedItems50.csv
686,12,100,50,340,48.82,0.138888888888889,../includes/setup_smartphone2.csv,../includes/orderedItems50.csv
687,12,100,50,319,47.46,0.111111111111111,../includes/setup_smartphone2.csv,../includes/orderedItems50.csv
688,12,100,50,331,50.8,0.138888888888889,../includes/setup_smartphone2.csv,../includes/orderedItems50.csv
689,12,100,50,339,49.2,0.166666666666667,../includes/setup_smartphone2.csv,../includes/orderedItems50.csv
690,12,100,50,298,45.18,0.083333333333333,../includes/setup_smartphone2.csv,../includes/orderedItems50.csv
691,12,100,50,338,48.16,0.222222222222222,../includes/setup_smartphone2.csv,../includes/orderedItems50.csv
692,12,100,50,291,51.06,0.041666666666667,../includes/setup_smartphone2.csv,../includes/orderedItems50.csv
693,12,100,50,339,47.94,0.194444444444444,../includes/setup_smartphone2.csv,../includes/orderedItems50.csv
694,12,100,50,300,45.62,0.083333333333333,../includes/setup_smartphone2.csv,../includes/orderedItems50.csv
695,12,100,50,387,47.06,0.277777777777778,../includes/setup_smartphone2.csv,../includes/orderedItems50.csv
696,12,100,50,305,48.3,0.055555555555556,../includes/setup_smartphone2.csv,../includes/orderedItems50.csv
697,12,100,50,359,51.98,0.194444444444444,../includes/setup_smartphone2.csv,../includes/orderedItems50.csv
698,12,100,50,336,51.98,0.083333333333333,../includes/setup_smartphone2.csv,../includes/orderedItems50.csv
699,12,100,50,352,51.6,0.166666666666667,../includes/setup_smartphone2.csv,../includes/orderedItems50.csv
700,12,100,50,321,52.4,0.027777777777778,../includes/setup_smartphone2.csv,../includes/orderedItems50.csv
701,12,100,50,289,43.7,0.083333333333333,../includes/setup_smartphone2.csv,../includes/orderedItems50.csv
702,12,100,50,353,47.34,0.194444444444444,../includes/setup_smartphone2.csv,../includes/orderedItems50.csv
703,12,100,50,340,48.62,0.111111111111111,../includes/setup_smartphone2.csv,../includes/orderedItems50.csv
704,12,100,50,304,44.48,0.166666666666667,../includes/setup_smartphone2.csv,../includes/orderedItems50.csv
705,12,100,50,326,47.56,0.138888888888889,../includes/setup_smartphone2.csv,../includes/orderedItems50.csv
706,12,100,50,289,48.8,0.041666666666667,../includes/setup_smartphone2.csv,../includes/orderedItems50.csv
707,12,100,50,357,53.26,0.138888888888889,../includes/setup_smartphone2.csv,../includes/orderedItems50.csv
708,12,100,50,356,51.28,0.166666666666667,../includes/setup_smartphone2.csv,../includes/orderedItems50.csv
709,12,100,50,312,46.84,0.111111111111111,../includes/setup_smartphone2.csv,../includes/orderedItems50.csv
710,12,100,50,336,61.08,0.055555555555556,../includes/setup_smartphone2.csv,../includes/orderedItems50.csv
711,12,100,50,372,47.76,0.277777777777778,../includes/setup_smartphone2.csv,../includes/orderedItems50.csv
712,12,100,50,324,47.44,0.111111111111111,../includes/setup_smartphone2.csv,../includes/orderedItems50.csv
713,12,100,50,364,57.48,0.111111111111111,../includes/setup_smartphone2.csv,../includes/orderedItems50.csv
714,12,100,50,314,45.72,0.166666666666667,../includes/setup_smartphone2.csv,../includes/orderedItems50.csv
715,12,100,50,350,47.12,0.194444444444444,../includes/setup_smartphone2.csv,../includes/orderedItems50.csv
716,12,100,50,296,44.52,0.166666666666667,../includes/setup_smartphone2.csv,../includes/orderedItems50.csv
717,12,100,50,307,47.64,0.111111111111111,../includes/setup_smartphone2.csv,../includes/orderedItems50.csv
718,12,100,50,322,49.36,0.111111111111111,../includes/setup_smartphone2.csv,../includes/orderedItems50.csv
719,12,100,50,319,47.7,0.111111111111111,../includes/setup_smartphone2.csv,../includes/orderedItems50.csv
720,12,100,50,361,49.52,0.222222222222222,../includes/setup_smartphone2.csv,../includes/orderedItems50.csv
721,12,100,50,308,49.12,0.083333333333333,../includes/setup_smartphone2.csv,../includes/orderedItems50.csv
722,12,150,50,357,47.7,0.208333333333333,../includes/setup_smartphone2.csv,../includes/orderedItems50.csv
723,12,150,50,295,44.2,0.083333333333333,../includes/setup_smartphone2.csv,../includes/orderedItems50.csv
724,12,150,50,315,49.12,0.083333333333333,../includes/setup_smartphone2.csv,../includes/orderedItems50.csv
725,12,150,50,325,49.72,0.083333333333333,../includes/setup_smartphone2.csv,../includes/orderedItems50.csv
726,12,150,50,345,53.5,0.041666666666667,../includes/setup_smartphone2.csv,../includes/orderedItems50.csv
727,12,150,50,333,52.14,0.083333333333333,../includes/setup_smartphone2.csv,../includes/orderedItems50.csv
728,12,150,50,318,48.66,0.041666666666667,../includes/setup_smartphone2.csv,../includes/orderedItems50.csv
729,12,150,50,324,46.76,0.125,../includes/setup_smartphone2.csv,../includes/orderedItems50.csv
730,12,150,50,309,46,0.125,../includes/setup_smartphone2.csv,../includes/orderedItems50.csv
731,12,150,50,356,47.42,0.25,../includes/setup_smartphone2.csv,../includes/orderedItems50.csv
732,12,150,50,323,58.78,0,../includes/setup_smartphone2.csv,../includes/orderedItems50.csv
733,12,150,50,401,47.32,0.291666666666667,../includes/setup_smartphone2.csv,../includes/orderedItems50.csv
734,12,150,50,313,50.4,0.083333333333333,../includes/setup_smartphone2.csv,../includes/orderedItems50.csv
735,12,150,50,363,47.86,0.125,../includes/setup_smartphone2.csv,../includes/orderedItems50.csv
736,12,150,50,332,51.56,0.041666666666667,../includes/setup_smartphone2.csv,../includes/orderedItems50.csv
737,12,150,50,378,49.8,0.166666666666667,../includes/setup_smartphone2.csv,../includes/orderedItems50.csv
738,12,150,50,330,48.14,0.083333333333333,../includes/setup_smartphone2.csv,../includes/orderedItems50.csv
739,12,150,50,299,48.24,0.041666666666667,../includes/setup_smartphone2.csv,../includes/orderedItems50.csv
740,12,150,50,348,52.38,0.083333333333333,../includes/setup_smartphone2.csv,../includes/orderedItems50.csv
741,12,150,50,355,49.94,0.125,../includes/setup_smartphone2.csv,../includes/orderedItems50.csv
742,12,150,50,318,48.02,0.083333333333333,../includes/setup_smartphone2.csv,../includes/orderedItems50.csv
743,12,150,50,309,49.96,0,../includes/setup_smartphone2.csv,../includes/orderedItems50.csv
744,12,150,50,322,62.8,0,../includes/setup_smartphone2.csv,../includes/orderedItems50.csv
745,12,150,50,352,47.6,0.166666666666667,../includes/setup_smartphone2.csv,../includes/orderedItems50.csv
746,12,150,50,355,47.5,0.166666666666667,../includes/setup_smartphone2.csv,../includes/orderedItems50.csv
747,12,150,50,297,45.92,0.083333333333333,../includes/setup_smartphone2.csv,../includes/orderedItems50.csv
748,12,150,50,331,57.9,0,../includes/setup_smartphone2.csv,../includes/orderedItems50.csv
749,12,150,50,357,48.62,0.208333333333333,../includes/setup_smartphone2.csv,../includes/orderedItems50.csv
750,12,150,50,336,51.86,0.083333333333333,../includes/setup_smartphone2.csv,../includes/orderedItems50.csv
751,12,150,50,382,52.16,0.25,../includes/setup_smartphone2.csv,../includes/orderedItems50.csv
752,12,150,50,328,50.56,0.083333333333333,../includes/setup_smartphone2.csv,../includes/orderedItems50.csv
753,12,150,50,366,45.9,0.25,../includes/setup_smartphone2.csv,../includes/orderedItems50.csv
754,12,150,50,320,47.22,0.083333333333333,../includes/setup_smartphone2.csv,../includes/orderedItems50.csv
755,12,150,50,304,48.68,0.041666666666667,../includes/setup_smartphone2.csv,../includes/orderedItems50.csv
756,12,150,50,302,49.42,0.083333333333333,../includes/setup_smartphone2.csv,../includes/orderedItems50.csv
757,12,150,50,323,49.94,0.041666666666667,../includes/setup_smartphone2.csv,../includes/orderedItems50.csv
758,12,150,50,360,47.7,0.25,../includes/setup_smartphone2.csv,../includes/orderedItems50.csv
759,12,150,50,326,50.18,0.125,../includes/setup_smartphone2.csv,../includes/orderedItems50.csv
760,12,200,50,370,50.64,0.166666666666667,../includes/setup_smartphone2.csv,../includes/orderedItems50.csv
761,12,200,50,310,49.62,0,../includes/setup_smartphone2.csv,../includes/orderedItems50.csv
762,12,200,50,322,48.32,0.166666666666667,../includes/setup_smartphone2.csv,../includes/orderedItems50.csv
763,12,200,50,329,49.52,0.083333333333333,../includes/setup_smartphone2.csv,../includes/orderedItems50.csv
764,12,200,50,346,50.56,0.083333333333333,../includes/setup_smartphone2.csv,../includes/orderedItems50.csv
765,12,200,50,315,49.74,0.083333333333333,../includes/setup_smartphone2.csv,../includes/orderedItems50.csv
766,12,200,50,319,48.04,0.083333333333333,../includes/setup_smartphone2.csv,../includes/orderedItems50.csv
767,12,200,50,330,48.78,0.083333333333333,../includes/setup_smartphone2.csv,../includes/orderedItems50.csv
768,12,200,50,305,47.36,0.083333333333333,../includes/setup_smartphone2.csv,../includes/orderedItems50.csv
769,12,200,50,364,49.72,0.25,../includes/setup_smartphone2.csv,../includes/orderedItems50.csv
770,12,200,50,340,59.88,0.083333333333333,../includes/setup_smartphone2.csv,../includes/orderedItems50.csv
771,12,200,50,379,49.48,0.25,../includes/setup_smartphone2.csv,../includes/orderedItems50.csv
772,12,200,50,327,47.48,0.083333333333333,../includes/setup_smartphone2.csv,../includes/orderedItems50.csv
773,12,200,50,360,48.28,0.166666666666667,../includes/setup_smartphone2.csv,../includes/orderedItems50.csv
774,12,200,50,330,49.58,0.166666666666667,../includes/setup_smartphone2.csv,../includes/orderedItems50.csv
775,12,200,50,364,54.66,0.083333333333333,../includes/setup_smartphone2.csv,../includes/orderedItems50.csv
776,12,200,50,321,50.76,0,../includes/setup_smartphone2.csv,../includes/orderedItems50.csv
777,12,200,50,318,49.08,0,../includes/setup_smartphone2.csv,../includes/orderedItems50.csv
778,12,200,50,351,52.1,0.083333333333333,../includes/setup_smartphone2.csv,../includes/orderedItems50.csv
779,12,200,50,328,54.38,0.083333333333333,../includes/setup_smartphone2.csv,../includes/orderedItems50.csv
780,12,200,50,305,48.86,0.083333333333333,../includes/setup_smartphone2.csv,../includes/orderedItems50.csv
781,12,200,50,314,49.18,0,../includes/setup_smartphone2.csv,../includes/orderedItems50.csv
782,12,200,50,298,49.46,0,../includes/setup_smartphone2.csv,../includes/orderedItems50.csv
783,12,200,50,347,46.6,0.166666666666667,../includes/setup_smartphone2.csv,../includes/orderedItems50.csv
784,12,200,50,362,50.44,0.083333333333333,../includes/setup_smartphone2.csv,../includes/orderedItems50.csv
785,12,200,50,316,46.86,0.166666666666667,../includes/setup_smartphone2.csv,../includes/orderedItems50.csv
786,12,200,50,330,58.7,0,../includes/setup_smartphone2.csv,../includes/orderedItems50.csv
787,12,200,50,357,47.8,0.166666666666667,../includes/setup_smartphone2.csv,../includes/orderedItems50.csv
788,12,200,50,322,53.12,0.083333333333333,../includes/setup_smartphone2.csv,../includes/orderedItems50.csv
789,12,200,50,343,47.48,0.083333333333333,../includes/setup_smartphone2.csv,../includes/orderedItems50.csv
790,12,200,50,335,44.94,0.166666666666667,../includes/setup_smartphone2.csv,../includes/orderedItems50.csv
791,12,200,50,358,48.58,0.166666666666667,../includes/setup_smartphone2.csv,../includes/orderedItems50.csv
792,12,200,50,330,54.38,0,../includes/setup_smartphone2.csv,../includes/orderedItems50.csv
793,12,200,50,305,47.66,0.083333333333333,../includes/setup_smartphone2.csv,../includes/orderedItems50.csv
794,12,200,50,311,54,0.083333333333333,../includes/setup_smartphone2.csv,../includes/orderedItems50.csv
795,12,200,50,321,51.62,0.083333333333333,../includes/setup_smartphone2.csv,../includes/orderedItems50.csv
796,12,200,50,374,49.68,0.25,../includes/setup_smartphone2.csv,../includes/orderedItems50.csv
797,12,200,50,352,62.24,0,../includes/setup_smartphone2.csv,../includes/orderedItems50.csv
798,12,250,50,365,50.08,0.166666666666667,../includes/setup_smartphone2.csv,../includes/orderedItems50.csv
799,12,250,50,304,48.52,0,../includes/setup_smartphone2.csv,../includes/orderedItems50.csv
800,12,250,50,333,52.62,0,../includes/setup_smartphone2.csv,../includes/orderedItems50.csv
801,12,250,50,326,49.14,0,../includes/setup_smartphone2.csv,../includes/orderedItems50.csv
802,12,250,50,333,50.7,0.083333333333333,../includes/setup_smartphone2.csv,../includes/orderedItems50.csv
803,12,250,50,317,47.92,0.083333333333333,../includes/setup_smartphone2.csv,../includes/orderedItems50.csv
804,12,250,50,319,47.12,0.166666666666667,../includes/setup_smartphone2.csv,../includes/orderedItems50.csv
805,12,250,50,332,49.4,0,../includes/setup_smartphone2.csv,../includes/orderedItems50.csv
806,12,250,50,317,50.24,0,../includes/setup_smartphone2.csv,../includes/orderedItems50.csv
807,12,250,50,353,53.82,0.166666666666667,../includes/setup_smartphone2.csv,../includes/orderedItems50.csv
808,12,250,50,311,50.44,0,../includes/setup_smartphone2.csv,../includes/orderedItems50.csv
809,12,250,50,391,48.54,0.25,../includes/setup_smartphone2.csv,../includes/orderedItems50.csv
810,12,250,50,326,49.66,0.083333333333333,../includes/setup_smartphone2.csv,../includes/orderedItems50.csv
811,12,250,50,356,50.32,0.166666666666667,../includes/setup_smartphone2.csv,../includes/orderedItems50.csv
812,12,250,50,340,49.56,0.166666666666667,../includes/setup_smartphone2.csv,../includes/orderedItems50.csv
813,12,250,50,349,50.52,0.166666666666667,../includes/setup_smartphone2.csv,../includes/orderedItems50.csv
814,12,250,50,308,51.28,0,../includes/setup_smartphone2.csv,../includes/orderedItems50.csv
815,12,250,50,350,62.76,0,../includes/setup_smartphone2.csv,../includes/orderedItems50.csv
816,12,250,50,333,48.72,0.083333333333333,../includes/setup_smartphone2.csv,../includes/orderedItems50.csv
817,12,250,50,337,49.5,0.083333333333333,../includes/setup_smartphone2.csv,../includes/orderedItems50.csv
818,12,250,50,304,46.42,0.083333333333333,../includes/setup_smartphone2.csv,../includes/orderedItems50.csv
819,12,250,50,306,49.44,0,../includes/setup_smartphone2.csv,../includes/orderedItems50.csv
820,12,250,50,284,50.84,0,../includes/setup_smartphone2.csv,../includes/orderedItems50.csv
821,12,250,50,366,55.38,0.166666666666667,../includes/setup_smartphone2.csv,../includes/orderedItems50.csv
822,12,250,50,363,52.88,0.083333333333333,../includes/setup_smartphone2.csv,../includes/orderedItems50.csv
823,12,250,50,310,51.06,0,../includes/setup_smartphone2.csv,../includes/orderedItems50.csv
824,12,250,50,344,62.38,0,../includes/setup_smartphone2.csv,../includes/orderedItems50.csv
825,12,250,50,363,47.08,0.166666666666667,../includes/setup_smartphone2.csv,../includes/orderedItems50.csv
826,12,250,50,336,53.16,0,../includes/setup_smartphone2.csv,../includes/orderedItems50.csv
827,12,250,50,379,51.76,0.166666666666667,../includes/setup_smartphone2.csv,../includes/orderedItems50.csv
828,12,250,50,330,52.86,0,../includes/setup_smartphone2.csv,../includes/orderedItems50.csv
829,12,250,50,356,51.68,0,../includes/setup_smartphone2.csv,../includes/orderedItems50.csv
830,12,250,50,308,45.72,0.083333333333333,../includes/setup_smartphone2.csv,../includes/orderedItems50.csv
831,12,250,50,306,47.16,0.083333333333333,../includes/setup_smartphone2.csv,../includes/orderedItems50.csv
832,12,250,50,308,49.1,0,../includes/setup_smartphone2.csv,../includes/orderedItems50.csv
833,12,250,50,321,48.02,0.083333333333333,../includes/setup_smartphone2.csv,../includes/orderedItems50.csv
834,12,250,50,367,48.3,0.166666666666667,../includes/setup_smartphone2.csv,../includes/orderedItems50.csv
835,12,250,50,307,51.8,0,../includes/setup_smartphone2.csv,../includes/orderedItems50.csv
836,12,300,50,364,48.64,0.166666666666667,../includes/setup_smartphone2.csv,../includes/orderedItems50.csv
837,12,300,50,304,48.14,0,../includes/setup_smartphone2.csv,../includes/orderedItems50.csv
838,12,300,50,329,51.36,0,../includes/setup_smartphone2.csv,../includes/orderedItems50.csv
839,12,300,50,315,48.22,0.083333333333333,../includes/setup_smartphone2.csv,../includes/orderedItems50.csv
840,12,300,50,343,50.76,0.083333333333333,../includes/setup_smartphone2.csv,../includes/orderedItems50.csv
841,12,300,50,318,48.04,0,../includes/setup_smartphone2.csv,../includes/orderedItems50.csv
842,12,300,50,318,46.96,0,../includes/setup_smartphone2.csv,../includes/orderedItems50.csv
843,12,300,50,327,49.78,0.083333333333333,../includes/setup_smartphone2.csv,../includes/orderedItems50.csv
844,12,300,50,292,49.22,0,../includes/setup_smartphone2.csv,../includes/orderedItems50.csv
845,12,300,50,330,47.3,0.083333333333333,../includes/setup_smartphone2.csv,../includes/orderedItems50.csv
846,12,300,50,301,49.16,0,../includes/setup_smartphone2.csv,../includes/orderedItems50.csv
847,12,300,50,392,50.78,0.083333333333333,../includes/setup_smartphone2.csv,../includes/orderedItems50.csv
848,12,300,50,318,47.42,0,../includes/setup_smartphone2.csv,../includes/orderedItems50.csv
849,12,300,50,367,50.56,0.083333333333333,../includes/setup_smartphone2.csv,../includes/orderedItems50.csv
850,12,300,50,344,55.22,0,../includes/setup_smartphone2.csv,../includes/orderedItems50.csv
851,12,300,50,354,48.94,0.166666666666667,../includes/setup_smartphone2.csv,../includes/orderedItems50.csv
852,12,300,50,333,51.82,0,../includes/setup_smartphone2.csv,../includes/orderedItems50.csv
853,12,300,50,307,49.26,0,../includes/setup_smartphone2.csv,../includes/orderedItems50.csv
854,12,300,50,345,49.92,0.083333333333333,../includes/setup_smartphone2.csv,../includes/orderedItems50.csv
855,12,300,50,337,48.08,0.083333333333333,../includes/setup_smartphone2.csv,../includes/orderedItems50.csv
856,12,300,50,308,46.52,0.083333333333333,../includes/setup_smartphone2.csv,../includes/orderedItems50.csv
857,12,300,50,323,55.76,0,../includes/setup_smartphone2.csv,../includes/orderedItems50.csv
858,12,300,50,314,52.52,0,../includes/setup_smartphone2.csv,../includes/orderedItems50.csv
859,12,300,50,357,51.66,0.083333333333333,../includes/setup_smartphone2.csv,../includes/orderedItems50.csv
860,12,300,50,373,50.82,0,../includes/setup_smartphone2.csv,../includes/orderedItems50.csv
861,12,300,50,301,50.4,0,../includes/setup_smartphone2.csv,../includes/orderedItems50.csv
862,12,300,50,332,61.86,0,../includes/setup_smartphone2.csv,../includes/orderedItems50.csv
863,12,300,50,359,49.02,0.083333333333333,../includes/setup_smartphone2.csv,../includes/orderedItems50.csv
864,12,300,50,345,52.24,0,../includes/setup_smartphone2.csv,../includes/orderedItems50.csv
865,12,300,50,377,51.44,0.166666666666667,../includes/setup_smartphone2.csv,../includes/orderedItems50.csv
866,12,300,50,322,47.54,0,../includes/setup_smartphone2.csv,../includes/orderedItems50.csv
867,12,300,50,362,51.92,0,../includes/setup_smartphone2.csv,../includes/orderedItems50.csv
868,12,300,50,319,46.6,0.083333333333333,../includes/setup_smartphone2.csv,../includes/orderedItems50.csv
869,12,300,50,314,50.18,0,../includes/setup_smartphone2.csv,../includes/orderedItems50.csv
870,12,300,50,314,54.14,0,../includes/setup_smartphone2.csv,../includes/orderedItems50.csv
871,12,300,50,315,52.42,0,../includes/setup_smartphone2.csv,../includes/orderedItems50.csv
872,12,300,50,357,52.02,0,../includes/setup_smartphone2.csv,../includes/orderedItems50.csv
873,12,300,50,304,51.02,0,../includes/setup_smartphone2.csv,../includes/orderedItems50.csv
874,12,20000,50,368,48.62,0,../includes/setup_smartphone2.csv,../includes/orderedItems50.csv
875,12,20000,50,307,48.68,0,../includes/setup_smartphone2.csv,../includes/orderedItems50.csv
876,12,20000,50,332,48.14,0,../includes/setup_smartphone2.csv,../includes/orderedItems50.csv
877,12,20000,50,317,47.48,0,../includes/setup_smartphone2.csv,../includes/orderedItems50.csv
878,12,20000,50,329,51.34,0,../includes/setup_smartphone2.csv,../includes/orderedItems50.csv
879,12,20000,50,320,49.16,0,../includes/setup_smartphone2.csv,../includes/orderedItems50.csv
880,12,20000,50,317,47.38,0,../includes/setup_smartphone2.csv,../includes/orderedItems50.csv
881,12,20000,50,320,49.42,0,../includes/setup_smartphone2.csv,../includes/orderedItems50.csv
882,12,20000,50,319,49.4,0,../includes/setup_smartphone2.csv,../includes/orderedItems50.csv
883,12,20000,50,356,48.74,0,../includes/setup_smartphone2.csv,../includes/orderedItems50.csv
884,12,20000,50,301,49.16,0,../includes/setup_smartphone2.csv,../includes/orderedItems50.csv
885,12,20000,50,384,50.2,0,../includes/setup_smartphone2.csv,../includes/orderedItems50.csv
886,12,20000,50,314,47.48,0,../includes/setup_smartphone2.csv,../includes/orderedItems50.csv
887,12,20000,50,376,50.86,0,../includes/setup_smartphone2.csv,../includes/orderedItems50.csv
888,12,20000,50,335,51.6,0,../includes/setup_smartphone2.csv,../includes/orderedItems50.csv
889,12,20000,50,351,49.34,0,../includes/setup_smartphone2.csv,../includes/orderedItems50.csv
890,12,20000,50,317,49.36,0,../includes/setup_smartphone2.csv,../includes/orderedItems50.csv
891,12,20000,50,307,53.22,0,../includes/setup_smartphone2.csv,../includes/orderedItems50.csv
892,12,20000,50,350,49.94,0,../includes/setup_smartphone2.csv,../includes/orderedItems50.csv
893,12,20000,50,338,48.12,0,../includes/setup_smartphone2.csv,../includes/orderedItems50.csv
894,12,20000,50,308,46.52,0,../includes/setup_smartphone2.csv,../includes/orderedItems50.csv
895,12,20000,50,334,55.88,0,../includes/setup_smartphone2.csv,../includes/orderedItems50.csv
896,12,20000,50,309,53.3,0,../includes/setup_smartphone2.csv,../includes/orderedItems50.csv
897,12,20000,50,348,48.06,0,../includes/setup_smartphone2.csv,../includes/orderedItems50.csv
898,12,20000,50,353,48.88,0,../includes/setup_smartphone2.csv,../includes/orderedItems50.csv
899,12,20000,50,306,46.74,0,../includes/setup_smartphone2.csv,../includes/orderedItems50.csv
900,12,20000,50,327,61.58,0,../includes/setup_smartphone2.csv,../includes/orderedItems50.csv
901,12,20000,50,366,49.2,0,../includes/setup_smartphone2.csv,../includes/orderedItems50.csv
902,12,20000,50,327,52.42,0,../includes/setup_smartphone2.csv,../includes/orderedItems50.csv
903,12,20000,50,380,51.44,0,../includes/setup_smartphone2.csv,../includes/orderedItems50.csv
904,12,20000,50,321,47.48,0,../includes/setup_smartphone2.csv,../includes/orderedItems50.csv
905,12,20000,50,349,49.58,0,../includes/setup_smartphone2.csv,../includes/orderedItems50.csv
906,12,20000,50,318,51.8,0,../includes/setup_smartphone2.csv,../includes/orderedItems50.csv
907,12,20000,50,302,49.08,0,../includes/setup_smartphone2.csv,../includes/orderedItems50.csv
908,12,20000,50,323,50.3,0,../includes/setup_smartphone2.csv,../includes/orderedItems50.csv
909,12,20000,50,313,52.38,0,../includes/setup_smartphone2.csv,../includes/orderedItems50.csv
910,12,20000,50,368,48.2,0,../includes/setup_smartphone2.csv,../includes/orderedItems50.csv
911,12,20000,50,314,50.62,0,../includes/setup_smartphone2.csv,../includes/orderedItems50.csv
912,12,100,100,612,51.72,0.138888888888889,../includes/setup_smartphone2.csv,../includes/orderedItems100.csv
913,12,100,100,570,52.52,0.033333333333333,../includes/setup_smartphone2.csv,../includes/orderedItems100.csv
914,12,100,100,604,49.31,0.138888888888889,../includes/setup_smartphone2.csv,../includes/orderedItems100.csv
915,12,100,100,572,48.46,0.1,../includes/setup_smartphone2.csv,../includes/orderedItems100.csv
916,12,100,100,607,51.4,0.111111111111111,../includes/setup_smartphone2.csv,../includes/orderedItems100.csv
917,12,100,100,588,47.51,0.133333333333333,../includes/setup_smartphone2.csv,../includes/orderedItems100.csv
918,12,100,100,582,52.36,0.066666666666667,../includes/setup_smartphone2.csv,../includes/orderedItems100.csv
919,12,100,100,607,50.27,0.125,../includes/setup_smartphone2.csv,../includes/orderedItems100.csv
920,12,100,100,580,55.37,0.05,../includes/setup_smartphone2.csv,../includes/orderedItems100.csv
921,12,100,100,630,50.82,0.125,../includes/setup_smartphone2.csv,../includes/orderedItems100.csv
922,12,100,100,658,72.38,0.027777777777778,../includes/setup_smartphone2.csv,../includes/orderedItems100.csv
923,12,100,100,707,50.72,0.238095238095238,../includes/setup_smartphone2.csv,../includes/orderedItems100.csv
924,12,100,100,590,51.43,0.05,../includes/setup_smartphone2.csv,../includes/orderedItems100.csv
925,12,100,100,666,50.52,0.194444444444444,../includes/setup_smartphone2.csv,../includes/orderedItems100.csv
926,12,100,100,625,50.93,0.125,../includes/setup_smartphone2.csv,../includes/orderedItems100.csv
927,12,100,100,652,50.59,0.152777777777778,../includes/setup_smartphone2.csv,../includes/orderedItems100.csv
928,12,100,100,573,50.68,0.15,../includes/setup_smartphone2.csv,../includes/orderedItems100.csv
929,12,100,100,598,58.82,0.055555555555556,../includes/setup_smartphone2.csv,../includes/orderedItems100.csv
930,12,100,100,650,51.89,0.208333333333333,../includes/setup_smartphone2.csv,../includes/orderedItems100.csv
931,12,100,100,598,52.59,0.125,../includes/setup_smartphone2.csv,../includes/orderedItems100.csv
932,12,100,100,550,52.45,0.016666666666667,../includes/setup_smartphone2.csv,../includes/orderedItems100.csv
933,12,100,100,614,55.88,0.041666666666667,../includes/setup_smartphone2.csv,../includes/orderedItems100.csv
934,12,100,100,525,52.52,0.016666666666667,../includes/setup_smartphone2.csv,../includes/orderedItems100.csv
935,12,100,100,647,56.85,0.083333333333333,../includes/setup_smartphone2.csv,../includes/orderedItems100.csv
936,12,100,100,648,51.69,0.111111111111111,../includes/setup_smartphone2.csv,../includes/orderedItems100.csv
937,12,100,100,609,57.73,0.055555555555556,../includes/setup_smartphone2.csv,../includes/orderedItems100.csv
938,12,100,100,562,51.05,0.05,../includes/setup_smartphone2.csv,../includes/orderedItems100.csv
939,12,100,100,657,54.08,0.111111111111111,../includes/setup_smartphone2.csv,../includes/orderedItems100.csv
940,12,100,100,600,52.44,0.069444444444445,../includes/setup_smartphone2.csv,../includes/orderedItems100.csv
941,12,100,100,676,56.34,0.069444444444445,../includes/setup_smartphone2.csv,../includes/orderedItems100.csv
942,12,100,100,607,50.59,0.111111111111111,../includes/setup_smartphone2.csv,../includes/orderedItems100.csv
943,12,100,100,634,51.76,0.152777777777778,../includes/setup_smartphone2.csv,../includes/orderedItems100.csv
944,12,100,100,586,54.3,0.016666666666667,../includes/setup_smartphone2.csv,../includes/orderedItems100.csv
945,12,100,100,563,50.04,0.083333333333333,../includes/setup_smartphone2.csv,../includes/orderedItems100.csv
946,12,100,100,579,48.72,0.05,../includes/setup_smartphone2.csv,../includes/orderedItems100.csv
947,12,100,100,621,51.94,0.125,../includes/setup_smartphone2.csv,../includes/orderedItems100.csv
948,12,100,100,634,50.49,0.152777777777778,../includes/setup_smartphone2.csv,../includes/orderedItems100.csv
949,12,100,100,580,58.14,0.033333333333333,../includes/setup_smartphone2.csv,../includes/orderedItems100.csv
950,12,150,100,600,52.51,0.020833333333333,../includes/setup_smartphone2.csv,../includes/orderedItems100.csv
951,12,150,100,557,55.21,0.027777777777778,../includes/setup_smartphone2.csv,../includes/orderedItems100.csv
952,12,150,100,627,55.24,0.020833333333333,../includes/setup_smartphone2.csv,../includes/orderedItems100.csv
953,12,150,100,581,52.42,0.055555555555556,../includes/setup_smartphone2.csv,../includes/orderedItems100.csv
954,12,150,100,614,52.16,0.0625,../includes/setup_smartphone2.csv,../includes/orderedItems100.csv
955,12,150,100,606,52.87,0.0625,../includes/setup_smartphone2.csv,../includes/orderedItems100.csv
956,12,150,100,587,50.13,0.055555555555556,../includes/setup_smartphone2.csv,../includes/orderedItems100.csv
957,12,150,100,614,52.3,0.0625,../includes/setup_smartphone2.csv,../includes/orderedItems100.csv
958,12,150,100,597,59.49,0,../includes/setup_smartphone2.csv,../includes/orderedItems100.csv
959,12,150,100,631,51.33,0.083333333333333,../includes/setup_smartphone2.csv,../includes/orderedItems100.csv
960,12,150,100,548,49.28,0,../includes/setup_smartphone2.csv,../includes/orderedItems100.csv
961,12,150,100,691,51.28,0.145833333333333,../includes/setup_smartphone2.csv,../includes/orderedItems100.csv
962,12,150,100,683,72.3,0.041666666666667,../includes/setup_smartphone2.csv,../includes/orderedItems100.csv
963,12,150,100,699,52.62,0.125,../includes/setup_smartphone2.csv,../includes/orderedItems100.csv
964,12,150,100,624,50.47,0.104166666666667,../includes/setup_smartphone2.csv,../includes/orderedItems100.csv
965,12,150,100,652,52.12,0.083333333333333,../includes/setup_smartphone2.csv,../includes/orderedItems100.csv
966,12,150,100,565,52.05,0.027777777777778,../includes/setup_smartphone2.csv,../includes/orderedItems100.csv
967,12,150,100,569,54.77,0,../includes/setup_smartphone2.csv,../includes/orderedItems100.csv
968,12,150,100,631,53.06,0.083333333333333,../includes/setup_smartphone2.csv,../includes/orderedItems100.csv
969,12,150,100,622,54.44,0,../includes/setup_smartphone2.csv,../includes/orderedItems100.csv
970,12,150,100,572,54.35,0,../includes/setup_smartphone2.csv,../includes/orderedItems100.csv
971,12,150,100,566,50.42,0.055555555555556,../includes/setup_smartphone2.csv,../includes/orderedItems100.csv
972,12,150,100,567,54.82,0,../includes/setup_smartphone2.csv,../includes/orderedItems100.csv
973,12,150,100,599,50.95,0.0625,../includes/setup_smartphone2.csv,../includes/orderedItems100.csv
974,12,150,100,637,52.4,0.083333333333333,../includes/setup_smartphone2.csv,../includes/orderedItems100.csv
975,12,150,100,576,55.11,0.027777777777778,../includes/setup_smartphone2.csv,../includes/orderedItems100.csv
976,12,150,100,572,56.02,0,../includes/setup_smartphone2.csv,../includes/orderedItems100.csv
977,12,150,100,675,53.7,0.104166666666667,../includes/setup_smartphone2.csv,../includes/orderedItems100.csv
978,12,150,100,623,52.12,0.0625,../includes/setup_smartphone2.csv,../includes/orderedItems100.csv
979,12,150,100,659,54.02,0.020833333333333,../includes/setup_smartphone2.csv,../includes/orderedItems100.csv
980,12,150,100,628,56.02,0.041666666666667,../includes/setup_smartphone2.csv,../includes/orderedItems100.csv
981,12,150,100,608,46.74,0.125,../includes/setup_smartphone2.csv,../includes/orderedItems100.csv
982,12,150,100,618,59.26,0.020833333333333,../includes/setup_smartphone2.csv,../includes/orderedItems100.csv
983,12,150,100,605,57.26,0,../includes/setup_smartphone2.csv,../includes/orderedItems100.csv
984,12,150,100,587,51.64,0,../includes/setup_smartphone2.csv,../includes/orderedItems100.csv
985,12,150,100,592,49.08,0.055555555555556,../includes/setup_smartphone2.csv,../includes/orderedItems100.csv
986,12,150,100,658,54.2,0.083333333333333,../includes/setup_smartphone2.csv,../includes/orderedItems100.csv
987,12,150,100,547,52.07,0,../includes/setup_smartphone2.csv,../includes/orderedItems100.csv
988,12,200,100,647,55.27,0.027777777777778,../includes/setup_smartphone2.csv,../includes/orderedItems100.csv
989,12,200,100,564,55.3,0,../includes/setup_smartphone2.csv,../includes/orderedItems100.csv
990,12,200,100,593,49.49,0,../includes/setup_smartphone2.csv,../includes/orderedItems100.csv
991,12,200,100,588,52.76,0,../includes/setup_smartphone2.csv,../includes/orderedItems100.csv
992,12,200,100,601,53.3,0.027777777777778,../includes/setup_smartphone2.csv,../includes/orderedItems100.csv
993,12,200,100,598,56.39,0.027777777777778,../includes/setup_smartphone2.csv,../includes/orderedItems100.csv
994,12,200,100,567,46.04,0.125,../includes/setup_smartphone2.csv,../includes/orderedItems100.csv
995,12,200,100,643,52.06,0.083333333333333,../includes/setup_smartphone2.csv,../includes/orderedItems100.csv
996,12,200,100,617,58.71,0,../includes/setup_smartphone2.csv,../includes/orderedItems100.csv
997,12,200,100,630,54.74,0.027777777777778,../includes/setup_smartphone2.csv,../includes/orderedItems100.csv
998,12,200,100,572,55.24,0,../includes/setup_smartphone2.csv,../includes/orderedItems100.csv
999,12,200,100,639,53.87,0.083333333333333,../includes/setup_smartphone2.csv,../includes/orderedItems100.csv
1000,12,200,100,625,59.18,0,../includes/setup_smartphone2.csv,../includes/orderedItems100.csv
1001,12,200,100,705,51.01,0.111111111111111,../includes/setup_smartphone2.csv,../includes/orderedItems100.csv
1002,12,200,100,636,52.37,0.083333333333333,../includes/setup_smartphone2.csv,../includes/orderedItems100.csv
1003,12,200,100,664,52.09,0.138888888888889,../includes/setup_smartphone2.csv,../includes/orderedItems100.csv
1004,12,200,100,574,49.19,0.041666666666667,../includes/setup_smartphone2.csv,../includes/orderedItems100.csv
1005,12,200,100,597,58.7,0,../includes/setup_smartphone2.csv,../includes/orderedItems100.csv
1006,12,200,100,657,50.95,0.138888888888889,../includes/setup_smartphone2.csv,../includes/orderedItems100.csv
1007,12,200,100,606,51.84,0.055555555555556,../includes/setup_smartphone2.csv,../includes/orderedItems100.csv
1008,12,200,100,552,50.89,0,../includes/setup_smartphone2.csv,../includes/orderedItems100.csv
1009,12,200,100,604,56.39,0.027777777777778,../includes/setup_smartphone2.csv,../includes/orderedItems100.csv
1010,12,200,100,540,53.8,0,../includes/setup_smartphone2.csv,../includes/orderedItems100.csv
1011,12,200,100,642,57.74,0,../includes/setup_smartphone2.csv,../includes/orderedItems100.csv
1012,12,200,100,684,49.57,0.166666666666667,../includes/setup_smartphone2.csv,../includes/orderedItems100.csv
1013,12,200,100,579,55.17,0,../includes/setup_smartphone2.csv,../includes/orderedItems100.csv
1014,12,200,100,593,58.37,0,../includes/setup_smartphone2.csv,../includes/orderedItems100.csv
1015,12,200,100,649,48.09,0.166666666666667,../includes/setup_smartphone2.csv,../includes/orderedItems100.csv
1016,12,200,100,592,46.77,0.083333333333333,../includes/setup_smartphone2.csv,../includes/orderedItems100.csv
1017,12,200,100,656,52.09,0.027777777777778,../includes/setup_smartphone2.csv,../includes/orderedItems100.csv
1018,12,200,100,584,50.82,0,../includes/setup_smartphone2.csv,../includes/orderedItems100.csv
1019,12,200,100,631,50.64,0.027777777777778,../includes/setup_smartphone2.csv,../includes/orderedItems100.csv
1020,12,200,100,595,61.16,0,../includes/setup_smartphone2.csv,../includes/orderedItems100.csv
1021,12,200,100,584,54.75,0,../includes/setup_smartphone2.csv,../includes/orderedItems100.csv
1022,12,200,100,637,61.56,0,../includes/setup_smartphone2.csv,../includes/orderedItems100.csv
1023,12,200,100,631,49.01,0.055555555555556,../includes/setup_smartphone2.csv,../includes/orderedItems100.csv
1024,12,200,100,647,54.07,0.083333333333333,../includes/setup_smartphone2.csv,../includes/orderedItems100.csv
1025,12,200,100,569,55.61,0.041666666666667,../includes/setup_smartphone2.csv,../includes/orderedItems100.csv
1026,12,250,100,645,55.88,0,../includes/setup_smartphone2.csv,../includes/orderedItems100.csv
1027,12,250,100,577,52.43,0,../includes/setup_smartphone2.csv,../includes/orderedItems100.csv
1028,12,250,100,615,55.85,0,../includes/setup_smartphone2.csv,../includes/orderedItems100.csv
1029,12,250,100,585,51.99,0,../includes/setup_smartphone2.csv,../includes/orderedItems100.csv
1030,12,250,100,603,52.52,0.041666666666667,../includes/setup_smartphone2.csv,../includes/orderedItems100.csv
1031,12,250,100,579,50.92,0,../includes/setup_smartphone2.csv,../includes/orderedItems100.csv
1032,12,250,100,605,54.08,0,../includes/setup_smartphone2.csv,../includes/orderedItems100.csv
1033,12,250,100,604,48.96,0.083333333333333,../includes/setup_smartphone2.csv,../includes/orderedItems100.csv
1034,12,250,100,565,51.53,0,../includes/setup_smartphone2.csv,../includes/orderedItems100.csv
1035,12,250,100,649,51.7,0.125,../includes/setup_smartphone2.csv,../includes/orderedItems100.csv
1036,12,250,100,589,61.64,0,../includes/setup_smartphone2.csv,../includes/orderedItems100.csv
1037,12,250,100,679,53.9,0.041666666666667,../includes/setup_smartphone2.csv,../includes/orderedItems100.csv
1038,12,250,100,638,63.23,0,../includes/setup_smartphone2.csv,../includes/orderedItems100.csv
1039,12,250,100,681,55.79,0.041666666666667,../includes/setup_smartphone2.csv,../includes/orderedItems100.csv
1040,12,250,100,603,55.79,0,../includes/setup_smartphone2.csv,../includes/orderedItems100.csv
1041,12,250,100,673,56.7,0,../includes/setup_smartphone2.csv,../includes/orderedItems100.csv
1042,12,250,100,576,51.27,0,../includes/setup_smartphone2.csv,../includes/orderedItems100.csv
1043,12,250,100,579,54.98,0,../includes/setup_smartphone2.csv,../includes/orderedItems100.csv
1044,12,250,100,622,50.31,0.083333333333333,../includes/setup_smartphone2.csv,../includes/orderedItems100.csv
1045,12,250,100,593,49.64,0.041666666666667,../includes/setup_smartphone2.csv,../includes/orderedItems100.csv
1046,12,250,100,555,53.15,0,../includes/setup_smartphone2.csv,../includes/orderedItems100.csv
1047,12,250,100,576,49.47,0.041666666666667,../includes/setup_smartphone2.csv,../includes/orderedItems100.csv
1048,12,250,100,566,50.59,0,../includes/setup_smartphone2.csv,../includes/orderedItems100.csv
1049,12,250,100,616,54.99,0,../includes/setup_smartphone2.csv,../includes/orderedItems100.csv
1050,12,250,100,637,52.57,0.083333333333333,../includes/setup_smartphone2.csv,../includes/orderedItems100.csv
1051,12,250,100,585,56.82,0,../includes/setup_smartphone2.csv,../includes/orderedItems100.csv
1052,12,250,100,660,68.89,0,../includes/setup_smartphone2.csv,../includes/orderedItems100.csv
1053,12,250,100,676,56.09,0,../includes/setup_smartphone2.csv,../includes/orderedItems100.csv
1054,12,250,100,623,56.44,0.041666666666667,../includes/setup_smartphone2.csv,../includes/orderedItems100.csv
1055,12,250,100,673,50.95,0,../includes/setup_smartphone2.csv,../includes/orderedItems100.csv
1056,12,250,100,612,51.23,0.041666666666667,../includes/setup_smartphone2.csv,../includes/orderedItems100.csv
1057,12,250,100,643,54.53,0,../includes/setup_smartphone2.csv,../includes/orderedItems100.csv
1058,12,250,100,581,48.96,0.083333333333333,../includes/setup_smartphone2.csv,../includes/orderedItems100.csv
1059,12,250,100,586,52.22,0,../includes/setup_smartphone2.csv,../includes/orderedItems100.csv
1060,12,250,100,627,56.77,0,../includes/setup_smartphone2.csv,../includes/orderedItems100.csv
1061,12,250,100,632,50.15,0.083333333333333,../includes/setup_smartphone2.csv,../includes/orderedItems100.csv
1062,12,250,100,660,51.75,0.083333333333333,../includes/setup_smartphone2.csv,../includes/orderedItems100.csv
1063,12,250,100,663,70.45,0,../includes/setup_smartphone2.csv,../includes/orderedItems100.csv
1064,12,300,100,659,57.15,0.041666666666667,../includes/setup_smartphone2.csv,../includes/orderedItems100.csv
1065,12,300,100,632,67.31,0,../includes/setup_smartphone2.csv,../includes/orderedItems100.csv
1066,12,300,100,623,54.01,0,../includes/setup_smartphone2.csv,../includes/orderedItems100.csv
1067,12,300,100,588,53.3,0,../includes/setup_smartphone2.csv,../includes/orderedItems100.csv
1068,12,300,100,603,52.02,0,../includes/setup_smartphone2.csv,../includes/orderedItems100.csv
1069,12,300,100,593,55.34,0,../includes/setup_smartphone2.csv,../includes/orderedItems100.csv
1070,12,300,100,594,51.56,0,../includes/setup_smartphone2.csv,../includes/orderedItems100.csv
1071,12,300,100,626,51.2,0.041666666666667,../includes/setup_smartphone2.csv,../includes/orderedItems100.csv
1072,12,300,100,549,50.34,0,../includes/setup_smartphone2.csv,../includes/orderedItems100.csv
1073,12,300,100,628,52.31,0.041666666666667,../includes/setup_smartphone2.csv,../includes/orderedItems100.csv
1074,12,300,100,524,50.59,0,../includes/setup_smartphone2.csv,../includes/orderedItems100.csv
1075,12,300,100,686,51.14,0.083333333333333,../includes/setup_smartphone2.csv,../includes/orderedItems100.csv
1076,12,300,100,655,64.58,0,../includes/setup_smartphone2.csv,../includes/orderedItems100.csv
1077,12,300,100,675,56.66,0,../includes/setup_smartphone2.csv,../includes/orderedItems100.csv
1078,12,300,100,642,61.69,0,../includes/setup_smartphone2.csv,../includes/orderedItems100.csv
1079,12,300,100,654,53.16,0,../includes/setup_smartphone2.csv,../includes/orderedItems100.csv
1080,12,300,100,580,50.34,0,../includes/setup_smartphone2.csv,../includes/orderedItems100.csv
1081,12,300,100,548,49.98,0,../includes/setup_smartphone2.csv,../includes/orderedItems100.csv
1082,12,300,100,608,51.94,0.041666666666667,../includes/setup_smartphone2.csv,../includes/orderedItems100.csv
1083,12,300,100,620,51.96,0.041666666666667,../includes/setup_smartphone2.csv,../includes/orderedItems100.csv
1084,12,300,100,539,53.33,0,../includes/setup_smartphone2.csv,../includes/orderedItems100.csv
1085,12,300,100,561,47.7,0,../includes/setup_smartphone2.csv,../includes/orderedItems100.csv
1086,12,300,100,584,57.25,0,../includes/setup_smartphone2.csv,../includes/orderedItems100.csv
1087,12,300,100,626,55.76,0,../includes/setup_smartphone2.csv,../includes/orderedItems100.csv
1088,12,300,100,646,52.31,0,../includes/setup_smartphone2.csv,../includes/orderedItems100.csv
1089,12,300,100,565,54.33,0,../includes/setup_smartphone2.csv,../includes/orderedItems100.csv
1090,12,300,100,641,68.81,0,../includes/setup_smartphone2.csv,../includes/orderedItems100.csv
1091,12,300,100,630,53.31,0.041666666666667,../includes/setup_smartphone2.csv,../includes/orderedItems100.csv
1092,12,300,100,585,49.57,0.083333333333333,../includes/setup_smartphone2.csv,../includes/orderedItems100.csv
1093,12,300,100,670,52.21,0,../includes/setup_smartphone2.csv,../includes/orderedItems100.csv
1094,12,300,100,610,56.08,0,../includes/setup_smartphone2.csv,../includes/orderedItems100.csv
1095,12,300,100,664,53.93,0,../includes/setup_smartphone2.csv,../includes/orderedItems100.csv
1096,12,300,100,597,51.95,0.083333333333333,../includes/setup_smartphone2.csv,../includes/orderedItems100.csv
1097,12,300,100,602,57.9,0,../includes/setup_smartphone2.csv,../includes/orderedItems100.csv
1098,12,300,100,587,49.96,0,../includes/setup_smartphone2.csv,../includes/orderedItems100.csv
1099,12,300,100,612,55.95,0,../includes/setup_smartphone2.csv,../includes/orderedItems100.csv
1100,12,300,100,629,54.6,0.041666666666667,../includes/setup_smartphone2.csv,../includes/orderedItems100.csv
1101,12,300,100,568,50.64,0,../includes/setup_smartphone2.csv,../includes/orderedItems100.csv
1102,12,20000,100,640,55.03,0,../includes/setup_smartphone2.csv,../includes/orderedItems100.csv
1103,12,20000,100,628,67.15,0,../includes/setup_smartphone2.csv,../includes/orderedItems100.csv
1104,12,20000,100,626,52.45,0,../includes/setup_smartphone2.csv,../includes/orderedItems100.csv
1105,12,20000,100,612,57.61,0,../includes/setup_smartphone2.csv,../includes/orderedItems100.csv
1106,12,20000,100,613,56.37,0,../includes/setup_smartphone2.csv,../includes/orderedItems100.csv
1107,12,20000,100,593,54.38,0,../includes/setup_smartphone2.csv,../includes/orderedItems100.csv
1108,12,20000,100,596,54.94,0,../includes/setup_smartphone2.csv,../includes/orderedItems100.csv
1109,12,20000,100,626,51.45,0,../includes/setup_smartphone2.csv,../includes/orderedItems100.csv
1110,12,20000,100,552,52.35,0,../includes/setup_smartphone2.csv,../includes/orderedItems100.csv
1111,12,20000,100,635,51.89,0,../includes/setup_smartphone2.csv,../includes/orderedItems100.csv
1112,12,20000,100,663,70.8,0,../includes/setup_smartphone2.csv,../includes/orderedItems100.csv
1113,12,20000,100,668,51.57,0,../includes/setup_smartphone2.csv,../includes/orderedItems100.csv
1114,12,20000,100,581,52.16,0,../includes/setup_smartphone2.csv,../includes/orderedItems100.csv
1115,12,20000,100,679,53.69,0,../includes/setup_smartphone2.csv,../includes/orderedItems100.csv
1116,12,20000,100,633,53.83,0,../includes/setup_smartphone2.csv,../includes/orderedItems100.csv
1117,12,20000,100,676,51.59,0,../includes/setup_smartphone2.csv,../includes/orderedItems100.csv
1118,12,20000,100,588,50.87,0,../includes/setup_smartphone2.csv,../includes/orderedItems100.csv
1119,12,20000,100,604,59.34,0,../includes/setup_smartphone2.csv,../includes/orderedItems100.csv
1120,12,20000,100,641,52.5,0,../includes/setup_smartphone2.csv,../includes/orderedItems100.csv
1121,12,20000,100,620,53.87,0,../includes/setup_smartphone2.csv,../includes/orderedItems100.csv
1122,12,20000,100,571,56.15,0,../includes/setup_smartphone2.csv,../includes/orderedItems100.csv
1123,12,20000,100,576,52.18,0,../includes/setup_smartphone2.csv,../includes/orderedItems100.csv
1124,12,20000,100,538,51.28,0,../includes/setup_smartphone2.csv,../includes/orderedItems100.csv
1125,12,20000,100,625,53.79,0,../includes/setup_smartphone2.csv,../includes/orderedItems100.csv
1126,12,20000,100,646,51.97,0,../includes/setup_smartphone2.csv,../includes/orderedItems100.csv
1127,12,20000,100,555,49.92,0,../includes/setup_smartphone2.csv,../includes/orderedItems100.csv
1128,12,20000,100,592,58.18,0,../includes/setup_smartphone2.csv,../includes/orderedItems100.csv
1129,12,20000,100,650,52.24,0,../includes/setup_smartphone2.csv,../includes/orderedItems100.csv
1130,12,20000,100,593,50.49,0,../includes/setup_smartphone2.csv,../includes/orderedItems100.csv
1131,12,20000,100,657,53.33,0,../includes/setup_smartphone2.csv,../includes/orderedItems100.csv
1132,12,20000,100,597,51.91,0,../includes/setup_smartphone2.csv,../includes/orderedItems100.csv
1133,12,20000,100,648,53.4,0,../includes/setup_smartphone2.csv,../includes/orderedItems100.csv
1134,12,20000,100,565,53.59,0,../includes/setup_smartphone2.csv,../includes/orderedItems100.csv
1135,12,20000,100,580,50.9,0,../includes/setup_smartphone2.csv,../includes/orderedItems100.csv
1136,12,20000,100,596,52.74,0,../includes/setup_smartphone2.csv,../includes/orderedItems100.csv
1137,12,20000,100,618,53.32,0,../includes/setup_smartphone2.csv,../includes/orderedItems100.csv
1138,12,20000,100,625,52.54,0,../includes/setup_smartphone2.csv,../includes/orderedItems100.csv
1139,12,20000,100,592,57.56,0,../includes/setup_smartphone2.csv,../includes/orderedItems100.csv
1140,12,100,250,1472,51.54,0.130952380952381,../includes/setup_smartphone2.csv,../includes/orderedItems250.csv
1141,12,100,250,1319,54.128,0.019230769230769,../includes/setup_smartphone2.csv,../includes/orderedItems250.csv
1142,12,100,250,1438,50.968,0.119047619047619,../includes/setup_smartphone2.csv,../includes/orderedItems250.csv
1143,12,100,250,1348,51.58,0.057692307692308,../includes/setup_smartphone2.csv,../includes/orderedItems250.csv
1144,12,100,250,1452,51.68,0.089285714285714,../includes/setup_smartphone2.csv,../includes/orderedItems250.csv
1145,12,100,250,1431,58.9,0.029761904761905,../includes/setup_smartphone2.csv,../includes/orderedItems250.csv
1146,12,100,250,1389,55.584,0.023809523809524,../includes/setup_smartphone2.csv,../includes/orderedItems250.csv
1147,12,100,250,1452,49.12,0.130952380952381,../includes/setup_smartphone2.csv,../includes/orderedItems250.csv
1148,12,100,250,1343,57.7,0.012820512820513,../includes/setup_smartphone2.csv,../includes/orderedItems250.csv
1149,12,100,250,1478,50.348,0.125,../includes/setup_smartphone2.csv,../includes/orderedItems250.csv
1150,12,100,250,1489,67.848,0.011111111111111,../includes/setup_smartphone2.csv,../includes/orderedItems250.csv
1151,12,100,250,1610,54.724,0.161458333333333,../includes/setup_smartphone2.csv,../includes/orderedItems250.csv
1152,12,100,250,1437,62.064,0.023809523809524,../includes/setup_smartphone2.csv,../includes/orderedItems250.csv
1153,12,100,250,1593,53.6,0.130208333333333,../includes/setup_smartphone2.csv,../includes/orderedItems250.csv
1154,12,100,250,1479,56.232,0.053571428571429,../includes/setup_smartphone2.csv,../includes/orderedItems250.csv
1155,12,100,250,1541,53.544,0.105555555555556,../includes/setup_smartphone2.csv,../includes/orderedItems250.csv
1156,12,100,250,1494,64.976,0.011111111111111,../includes/setup_smartphone2.csv,../includes/orderedItems250.csv
1157,12,100,250,1346,53.88,0.032051282051282,../includes/setup_smartphone2.csv,../includes/orderedItems250.csv
1158,12,100,250,1489,52.304,0.116666666666667,../includes/setup_smartphone2.csv,../includes/orderedItems250.csv
1159,12,100,250,1434,54.896,0.05952380952381,../includes/setup_smartphone2.csv,../includes/orderedItems250.csv
1160,12,100,250,1301,53.816,0.012820512820513,../includes/setup_smartphone2.csv,../includes/orderedItems250.csv
1161,12,100,250,1354,50.716,0.064102564102564,../includes/setup_smartphone2.csv,../includes/orderedItems250.csv
1162,12,100,250,1350,55.624,0.006410256410256,../includes/setup_smartphone2.csv,../includes/orderedItems250.csv
1163,12,100,250,1465,52.296,0.089285714285714,../includes/setup_smartphone2.csv,../includes/orderedItems250.csv
1164,12,100,250,1633,59.4,0.104166666666667,../includes/setup_smartphone2.csv,../includes/orderedItems250.csv
1165,12,100,250,1388,54.584,0.095238095238095,../includes/setup_smartphone2.csv,../includes/orderedItems250.csv
1166,12,100,250,1376,56.788,0.019230769230769,../includes/setup_smartphone2.csv,../includes/orderedItems250.csv
1167,12,100,250,1574,55.848,0.15,../includes/setup_smartphone2.csv,../includes/orderedItems250.csv
1168,12,100,250,1454,56.528,0.035714285714286,../includes/setup_smartphone2.csv,../includes/orderedItems250.csv
1169,12,100,250,1570,54.128,0.088888888888889,../includes/setup_smartphone2.csv,../includes/orderedItems250.csv
1170,12,100,250,1430,51.364,0.125,../includes/setup_smartphone2.csv,../includes/orderedItems250.csv
1171,12,100,250,1489,52.944,0.133333333333333,../includes/setup_smartphone2.csv,../includes/orderedItems250.csv
1172,12,100,250,1366,52.788,0.032051282051282,../includes/setup_smartphone2.csv,../includes/orderedItems250.csv
1173,12,100,250,1325,50.496,0.057692307692308,../includes/setup_smartphone2.csv,../includes/orderedItems250.csv
1174,12,100,250,1453,57.412,0.041666666666667,../includes/setup_smartphone2.csv,../includes/orderedItems250.csv
1175,12,100,250,1403,51.064,0.077380952380952,../includes/setup_smartphone2.csv,../includes/orderedItems250.csv
1176,12,100,250,1501,51.72,0.116666666666667,../includes/setup_smartphone2.csv,../includes/orderedItems250.csv
1177,12,100,250,1326,54.788,0.012820512820513,../includes/setup_smartphone2.csv,../includes/orderedItems250.csv
1178,12,150,250,1484,50.392,0.074074074074074,../includes/setup_smartphone2.csv,../includes/orderedItems250.csv
1179,12,150,250,1304,53.52,0,../includes/setup_smartphone2.csv,../includes/orderedItems250.csv
1180,12,150,250,1418,52.356,0.027777777777778,../includes/setup_smartphone2.csv,../includes/orderedItems250.csv
1181,12,150,250,1402,52.692,0.018518518518519,../includes/setup_smartphone2.csv,../includes/orderedItems250.csv
1182,12,150,250,1463,52.984,0.027777777777778,../includes/setup_smartphone2.csv,../includes/orderedItems250.csv
1183,12,150,250,1428,57.576,0.037037037037037,../includes/setup_smartphone2.csv,../includes/orderedItems250.csv
1184,12,150,250,1333,54.412,0.020833333333333,../includes/setup_smartphone2.csv,../includes/orderedItems250.csv
1185,12,150,250,1459,50.412,0.064814814814815,../includes/setup_smartphone2.csv,../includes/orderedItems250.csv
1186,12,150,250,1344,55.492,0,../includes/setup_smartphone2.csv,../includes/orderedItems250.csv
1187,12,150,250,1498,50.504,0.108333333333333,../includes/setup_smartphone2.csv,../includes/orderedItems250.csv
1188,12,150,250,1429,64.784,0,../includes/setup_smartphone2.csv,../includes/orderedItems250.csv
1189,12,150,250,1603,52.56,0.15,../includes/setup_smartphone2.csv,../includes/orderedItems250.csv
1190,12,150,250,1342,55.684,0.018518518518519,../includes/setup_smartphone2.csv,../includes/orderedItems250.csv
1191,12,150,250,1574,52.504,0.083333333333333,../includes/setup_smartphone2.csv,../includes/orderedItems250.csv
1192,12,150,250,1459,53.372,0.027777777777778,../includes/setup_smartphone2.csv,../includes/orderedItems250.csv
1193,12,150,250,1574,51.936,0.083333333333333,../includes/setup_smartphone2.csv,../includes/orderedItems250.csv
1194,12,150,250,1347,52.232,0.018518518518519,../includes/setup_smartphone2.csv,../includes/orderedItems250.csv
1195,12,150,250,1308,54.596,0,../includes/setup_smartphone2.csv,../includes/orderedItems250.csv
1196,12,150,250,1441,51.696,0.064814814814815,../includes/setup_smartphone2.csv,../includes/orderedItems250.csv
1197,12,150,250,1448,53.52,0.018518518518519,../includes/setup_smartphone2.csv,../includes/orderedItems250.csv
1198,12,150,250,1386,56.94,0,../includes/setup_smartphone2.csv,../includes/orderedItems250.csv
1199,12,150,250,1364,53.156,0.018518518518519,../includes/setup_smartphone2.csv,../includes/orderedItems250.csv
1200,12,150,250,1296,53.748,0,../includes/setup_smartphone2.csv,../includes/orderedItems250.csv
1201,12,150,250,1439,51.68,0.037037037037037,../includes/setup_smartphone2.csv,../includes/orderedItems250.csv
1202,12,150,250,1517,51.264,0.116666666666667,../includes/setup_smartphone2.csv,../includes/orderedItems250.csv
1203,12,150,250,1444,60.204,0.018518518518519,../includes/setup_smartphone2.csv,../includes/orderedItems250.csv
1204,12,150,250,1322,55.924,0,../includes/setup_smartphone2.csv,../includes/orderedItems250.csv
1205,12,150,250,1516,52.472,0.058333333333333,../includes/setup_smartphone2.csv,../includes/orderedItems250.csv
1206,12,150,250,1403,53.388,0.027777777777778,../includes/setup_smartphone2.csv,../includes/orderedItems250.csv
1207,12,150,250,1586,53.708,0.016666666666667,../includes/setup_smartphone2.csv,../includes/orderedItems250.csv
1208,12,150,250,1405,55.768,0.018518518518519,../includes/setup_smartphone2.csv,../includes/orderedItems250.csv
1209,12,150,250,1447,48.468,0.083333333333333,../includes/setup_smartphone2.csv,../includes/orderedItems250.csv
1210,12,150,250,1425,59.588,0.009259259259259,../includes/setup_smartphone2.csv,../includes/orderedItems250.csv
1211,12,150,250,1330,50.984,0.020833333333333,../includes/setup_smartphone2.csv,../includes/orderedItems250.csv
1212,12,150,250,1433,53.152,0.037037037037037,../includes/setup_smartphone2.csv,../includes/orderedItems250.csv
1213,12,150,250,1446,50.572,0.074074074074074,../includes/setup_smartphone2.csv,../includes/orderedItems250.csv
1214,12,150,250,1479,49.992,0.083333333333333,../includes/setup_smartphone2.csv,../includes/orderedItems250.csv
1215,12,150,250,1421,61.492,0.018518518518519,../includes/setup_smartphone2.csv,../includes/orderedItems250.csv
1216,12,200,250,1505,52.12,0.047619047619048,../includes/setup_smartphone2.csv,../includes/orderedItems250.csv
1217,12,200,250,1292,53.256,0,../includes/setup_smartphone2.csv,../includes/orderedItems250.csv
1218,12,200,250,1466,54.484,0.023809523809524,../includes/setup_smartphone2.csv,../includes/orderedItems250.csv
1219,12,200,250,1350,51.42,0,../includes/setup_smartphone2.csv,../includes/orderedItems250.csv
1220,12,200,250,1426,51.424,0.023809523809524,../includes/setup_smartphone2.csv,../includes/orderedItems250.csv
1221,12,200,250,1335,52.044,0.013888888888889,../includes/setup_smartphone2.csv,../includes/orderedItems250.csv
1222,12,200,250,1302,48.596,0.041666666666667,../includes/setup_smartphone2.csv,../includes/orderedItems250.csv
1223,12,200,250,1426,48.892,0.05952380952381,../includes/setup_smartphone2.csv,../includes/orderedItems250.csv
1224,12,200,250,1306,53,0,../includes/setup_smartphone2.csv,../includes/orderedItems250.csv
1225,12,200,250,1463,49.968,0.071428571428572,../includes/setup_smartphone2.csv,../includes/orderedItems250.csv
1226,12,200,250,1435,62.316,0,../includes/setup_smartphone2.csv,../includes/orderedItems250.csv
1227,12,200,250,1588,51.24,0.130952380952381,../includes/setup_smartphone2.csv,../includes/orderedItems250.csv
1228,12,200,250,1478,63.78,0,../includes/setup_smartphone2.csv,../includes/orderedItems250.csv
1229,12,200,250,1564,52.032,0.05952380952381,../includes/setup_smartphone2.csv,../includes/orderedItems250.csv
1230,12,200,250,1416,53.808,0,../includes/setup_smartphone2.csv,../includes/orderedItems250.csv
1231,12,200,250,1518,52.672,0.05952380952381,../includes/setup_smartphone2.csv,../includes/orderedItems250.csv
1232,12,200,250,1362,52.44,0.013888888888889,../includes/setup_smartphone2.csv,../includes/orderedItems250.csv
1233,12,200,250,1321,52.64,0,../includes/setup_smartphone2.csv,../includes/orderedItems250.csv
1234,12,200,250,1513,51.744,0.095238095238095,../includes/setup_smartphone2.csv,../includes/orderedItems250.csv
1235,12,200,250,1464,57.668,0.011904761904762,../includes/setup_smartphone2.csv,../includes/orderedItems250.csv
1236,12,200,250,1315,55.836,0,../includes/setup_smartphone2.csv,../includes/orderedItems250.csv
1237,12,200,250,1379,53.584,0.097222222222222,../includes/setup_smartphone2.csv,../includes/orderedItems250.csv
1238,12,200,250,1352,57.272,0,../includes/setup_smartphone2.csv,../includes/orderedItems250.csv
1239,12,200,250,1464,53.468,0.035714285714286,../includes/setup_smartphone2.csv,../includes/orderedItems250.csv
1240,12,200,250,1541,52.26,0.083333333333333,../includes/setup_smartphone2.csv,../includes/orderedItems250.csv
1241,12,200,250,1374,54.192,0.013888888888889,../includes/setup_smartphone2.csv,../includes/orderedItems250.csv
1242,12,200,250,1502,67.088,0,../includes/setup_smartphone2.csv,../includes/orderedItems250.csv
1243,12,200,250,1559,53.284,0.071428571428572,../includes/setup_smartphone2.csv,../includes/orderedItems250.csv
1244,12,200,250,1364,52.184,0.027777777777778,../includes/setup_smartphone2.csv,../includes/orderedItems250.csv
1245,12,200,250,1583,50.796,0.023809523809524,../includes/setup_smartphone2.csv,../includes/orderedItems250.csv
1246,12,200,250,1400,53.104,0,../includes/setup_smartphone2.csv,../includes/orderedItems250.csv
1247,12,200,250,1493,51.812,0.035714285714286,../includes/setup_smartphone2.csv,../includes/orderedItems250.csv
1248,12,200,250,1352,52.632,0.013888888888889,../includes/setup_smartphone2.csv,../includes/orderedItems250.csv
1249,12,200,250,1334,51.832,0.013888888888889,../includes/setup_smartphone2.csv,../includes/orderedItems250.csv
1250,12,200,250,1404,51.604,0.023809523809524,../includes/setup_smartphone2.csv,../includes/orderedItems250.csv
1251,12,200,250,1408,49.796,0.071428571428572,../includes/setup_smartphone2.csv,../includes/orderedItems250.csv
1252,12,200,250,1495,53.412,0.05952380952381,../includes/setup_smartphone2.csv,../includes/orderedItems250.csv
1253,12,200,250,1272,51.516,0.027777777777778,../includes/setup_smartphone2.csv,../includes/orderedItems250.csv
1254,12,250,250,1488,53.596,0.016666666666667,../includes/setup_smartphone2.csv,../includes/orderedItems250.csv
1255,12,250,250,1390,57.792,0,../includes/setup_smartphone2.csv,../includes/orderedItems250.csv
1256,12,250,250,1460,52.548,0.033333333333333,../includes/setup_smartphone2.csv,../includes/orderedItems250.csv
1257,12,250,250,1483,59.796,0,../includes/setup_smartphone2.csv,../includes/orderedItems250.csv
1258,12,250,250,1401,51.156,0.05,../includes/setup_smartphone2.csv,../includes/orderedItems250.csv
1259,12,250,250,1350,52.092,0,../includes/setup_smartphone2.csv,../includes/orderedItems250.csv
1260,12,250,250,1288,51.156,0,../includes/setup_smartphone2.csv,../includes/orderedItems250.csv
1261,12,250,250,1486,49.712,0.066666666666667,../includes/setup_smartphone2.csv,../includes/orderedItems250.csv
1262,12,250,250,1298,52.288,0,../includes/setup_smartphone2.csv,../includes/orderedItems250.csv
1263,12,250,250,1470,49.28,0.066666666666667,../includes/setup_smartphone2.csv,../includes/orderedItems250.csv
1264,12,250,250,1344,59.244,0,../includes/setup_smartphone2.csv,../includes/orderedItems250.csv
1265,12,250,250,1588,49.616,0.125,../includes/setup_smartphone2.csv,../includes/orderedItems250.csv
1266,12,250,250,1388,57.796,0,../includes/setup_smartphone2.csv,../includes/orderedItems250.csv
1267,12,250,250,1629,51.276,0.083333333333333,../includes/setup_smartphone2.csv,../includes/orderedItems250.csv
1268,12,250,250,1608,65.296,0.027777777777778,../includes/setup_smartphone2.csv,../includes/orderedItems250.csv
1269,12,250,250,1601,48.452,0.125,../includes/setup_smartphone2.csv,../includes/orderedItems250.csv
1270,12,250,250,1397,56.188,0.016666666666667,../includes/setup_smartphone2.csv,../includes/orderedItems250.csv
1271,12,250,250,1358,57.06,0,../includes/setup_smartphone2.csv,../includes/orderedItems250.csv
1272,12,250,250,1425,50.476,0.033333333333333,../includes/setup_smartphone2.csv,../includes/orderedItems250.csv
1273,12,250,250,1413,51.464,0.016666666666667,../includes/setup_smartphone2.csv,../includes/orderedItems250.csv
1274,12,250,250,1315,53.432,0,../includes/setup_smartphone2.csv,../includes/orderedItems250.csv
1275,12,250,250,1306,48.34,0.05,../includes/setup_smartphone2.csv,../includes/orderedItems250.csv
1276,12,250,250,1259,51.756,0,../includes/setup_smartphone2.csv,../includes/orderedItems250.csv
1277,12,250,250,1418,50.856,0.05,../includes/setup_smartphone2.csv,../includes/orderedItems250.csv
1278,12,250,250,1543,52.704,0.041666666666667,../includes/setup_smartphone2.csv,../includes/orderedItems250.csv
1279,12,250,250,1352,52.756,0,../includes/setup_smartphone2.csv,../includes/orderedItems250.csv
1280,12,250,250,1432,62.032,0,../includes/setup_smartphone2.csv,../includes/orderedItems250.csv
1281,12,250,250,1522,54.132,0.013888888888889,../includes/setup_smartphone2.csv,../includes/orderedItems250.csv
1282,12,250,250,1434,52.464,0.033333333333333,../includes/setup_smartphone2.csv,../includes/orderedItems250.csv
1283,12,250,250,1557,49.58,0.013888888888889,../includes/setup_smartphone2.csv,../includes/orderedItems250.csv
1284,12,250,250,1429,51.836,0.016666666666667,../includes/setup_smartphone2.csv,../includes/orderedItems250.csv
1285,12,250,250,1514,52.956,0.013888888888889,../includes/setup_smartphone2.csv,../includes/orderedItems250.csv
1286,12,250,250,1370,54.872,0,../includes/setup_smartphone2.csv,../includes/orderedItems250.csv
1287,12,250,250,1352,51.072,0,../includes/setup_smartphone2.csv,../includes/orderedItems250.csv
1288,12,250,250,1371,51.772,0,../includes/setup_smartphone2.csv,../includes/orderedItems250.csv
1289,12,250,250,1463,49.832,0.066666666666667,../includes/setup_smartphone2.csv,../includes/orderedItems250.csv
1290,12,250,250,1555,54.048,0.055555555555556,../includes/setup_smartphone2.csv,../includes/orderedItems250.csv
1291,12,250,250,1349,57.024,0,../includes/setup_smartphone2.csv,../includes/orderedItems250.csv
1292,12,300,250,1489,54.248,0,../includes/setup_smartphone2.csv,../includes/orderedItems250.csv
1293,12,300,250,1451,65.272,0,../includes/setup_smartphone2.csv,../includes/orderedItems250.csv
1294,12,300,250,1453,50.992,0.020833333333333,../includes/setup_smartphone2.csv,../includes/orderedItems250.csv
1295,12,300,250,1375,53.96,0,../includes/setup_smartphone2.csv,../includes/orderedItems250.csv
1296,12,300,250,1455,51.348,0.020833333333333,../includes/setup_smartphone2.csv,../includes/orderedItems250.csv
1297,12,300,250,1421,53.496,0.020833333333333,../includes/setup_smartphone2.csv,../includes/orderedItems250.csv
1298,12,300,250,1341,51.968,0,../includes/setup_smartphone2.csv,../includes/orderedItems250.csv
1299,12,300,250,1474,53.08,0.041666666666667,../includes/setup_smartphone2.csv,../includes/orderedItems250.csv
1300,12,300,250,1249,49.768,0,../includes/setup_smartphone2.csv,../includes/orderedItems250.csv
1301,12,300,250,1477,55.648,0.020833333333333,../includes/setup_smartphone2.csv,../includes/orderedItems250.csv
1302,12,300,250,1296,55.624,0,../includes/setup_smartphone2.csv,../includes/orderedItems250.csv
1303,12,300,250,1551,49.48,0.116666666666667,../includes/setup_smartphone2.csv,../includes/orderedItems250.csv
1304,12,300,250,1461,62.496,0,../includes/setup_smartphone2.csv,../includes/orderedItems250.csv
1305,12,300,250,1568,53.892,0.033333333333333,../includes/setup_smartphone2.csv,../includes/orderedItems250.csv
1306,12,300,250,1459,52.572,0.041666666666667,../includes/setup_smartphone2.csv,../includes/orderedItems250.csv
1307,12,300,250,1582,53.012,0.05,../includes/setup_smartphone2.csv,../includes/orderedItems250.csv
1308,12,300,250,1364,54.096,0,../includes/setup_smartphone2.csv,../includes/orderedItems250.csv
1309,12,300,250,1347,56.184,0,../includes/setup_smartphone2.csv,../includes/orderedItems250.csv
1310,12,300,250,1463,50.64,0.0625,../includes/setup_smartphone2.csv,../includes/orderedItems250.csv
1311,12,300,250,1418,50.076,0.0625,../includes/setup_smartphone2.csv,../includes/orderedItems250.csv
1312,12,300,250,1283,48.612,0.020833333333333,../includes/setup_smartphone2.csv,../includes/orderedItems250.csv
1313,12,300,250,1345,51.584,0.020833333333333,../includes/setup_smartphone2.csv,../includes/orderedItems250.csv
1314,12,300,250,1321,54.36,0,../includes/setup_smartphone2.csv,../includes/orderedItems250.csv
1315,12,300,250,1466,56.884,0,../includes/setup_smartphone2.csv,../includes/orderedItems250.csv
1316,12,300,250,1530,52.22,0.016666666666667,../includes/setup_smartphone2.csv,../includes/orderedItems250.csv
1317,12,300,250,1313,50.448,0.020833333333333,../includes/setup_smartphone2.csv,../includes/orderedItems250.csv
1318,12,300,250,1385,59.848,0,../includes/setup_smartphone2.csv,../includes/orderedItems250.csv
1319,12,300,250,1565,52.344,0,../includes/setup_smartphone2.csv,../includes/orderedItems250.csv
1320,12,300,250,1392,51.64,0.020833333333333,../includes/setup_smartphone2.csv,../includes/orderedItems250.csv
1321,12,300,250,1565,50.416,0,../includes/setup_smartphone2.csv,../includes/orderedItems250.csv
1322,12,300,250,1432,54.488,0,../includes/setup_smartphone2.csv,../includes/orderedItems250.csv
1323,12,300,250,1516,53.548,0,../includes/setup_smartphone2.csv,../includes/orderedItems250.csv
1324,12,300,250,1333,54.128,0,../includes/setup_smartphone2.csv,../includes/orderedItems250.csv
1325,12,300,250,1326,51.544,0,../includes/setup_smartphone2.csv,../includes/orderedItems250.csv
1326,12,300,250,1397,51.508,0,../includes/setup_smartphone2.csv,../includes/orderedItems250.csv
1327,12,300,250,1506,56.88,0.016666666666667,../includes/setup_smartphone2.csv,../includes/orderedItems250.csv
1328,12,300,250,1469,51.364,0.0625,../includes/setup_smartphone2.csv,../includes/orderedItems250.csv
1329,12,300,250,1365,57.316,0,../includes/setup_smartphone2.csv,../includes/orderedItems250.csv
1330,12,20000,250,1438,54.072,0,../includes/setup_smartphone2.csv,../includes/orderedItems250.csv
1331,12,20000,250,1333,56.644,0,../includes/setup_smartphone2.csv,../includes/orderedItems250.csv
1332,12,20000,250,1442,51.628,0,../includes/setup_smartphone2.csv,../includes/orderedItems250.csv
1333,12,20000,250,1398,55.144,0,../includes/setup_smartphone2.csv,../includes/orderedItems250.csv
1334,12,20000,250,1437,53.656,0,../includes/setup_smartphone2.csv,../includes/orderedItems250.csv
1335,12,20000,250,1347,54.116,0,../includes/setup_smartphone2.csv,../includes/orderedItems250.csv
1336,12,20000,250,1323,52.032,0,../includes/setup_smartphone2.csv,../includes/orderedItems250.csv
1337,12,20000,250,1448,50.844,0,../includes/setup_smartphone2.csv,../includes/orderedItems250.csv
1338,12,20000,250,1306,55.204,0,../includes/setup_smartphone2.csv,../includes/orderedItems250.csv
1339,12,20000,250,1491,51.352,0,../includes/setup_smartphone2.csv,../includes/orderedItems250.csv
1340,12,20000,250,1416,61.98,0,../includes/setup_smartphone2.csv,../includes/orderedItems250.csv
1341,12,20000,250,1598,52.008,0,../includes/setup_smartphone2.csv,../includes/orderedItems250.csv
1342,12,20000,250,1319,53.116,0,../includes/setup_smartphone2.csv,../includes/orderedItems250.csv
1343,12,20000,250,1551,54.64,0,../includes/setup_smartphone2.csv,../includes/orderedItems250.csv
1344,12,20000,250,1423,53.824,0,../includes/setup_smartphone2.csv,../includes/orderedItems250.csv
1345,12,20000,250,1561,53.188,0,../includes/setup_smartphone2.csv,../includes/orderedItems250.csv
1346,12,20000,250,1493,59.844,0,../includes/setup_smartphone2.csv,../includes/orderedItems250.csv
1347,12,20000,250,1410,61.104,0,../includes/setup_smartphone2.csv,../includes/orderedItems250.csv
1348,12,20000,250,1470,56.6,0,../includes/setup_smartphone2.csv,../includes/orderedItems250.csv
1349,12,20000,250,1391,52.044,0,../includes/setup_smartphone2.csv,../includes/orderedItems250.csv
1350,12,20000,250,1361,60.352,0,../includes/setup_smartphone2.csv,../includes/orderedItems250.csv
1351,12,20000,250,1400,56.924,0,../includes/setup_smartphone2.csv,../includes/orderedItems250.csv
1352,12,20000,250,1373,58.416,0,../includes/setup_smartphone2.csv,../includes/orderedItems250.csv
1353,12,20000,250,1486,54.304,0,../includes/setup_smartphone2.csv,../includes/orderedItems250.csv
1354,12,20000,250,1549,53.156,0,../includes/setup_smartphone2.csv,../includes/orderedItems250.csv
1355,12,20000,250,1324,52.08,0,../includes/setup_smartphone2.csv,../includes/orderedItems250.csv
1356,12,20000,250,1475,66.296,0,../includes/setup_smartphone2.csv,../includes/orderedItems250.csv
1357,12,20000,250,1501,53.152,0,../includes/setup_smartphone2.csv,../includes/orderedItems250.csv
1358,12,20000,250,1382,51.108,0,../includes/setup_smartphone2.csv,../includes/orderedItems250.csv
1359,12,20000,250,1592,54.704,0,../includes/setup_smartphone2.csv,../includes/orderedItems250.csv
1360,12,20000,250,1361,51.956,0,../includes/setup_smartphone2.csv,../includes/orderedItems250.csv
1361,12,20000,250,1520,52.904,0,../includes/setup_smartphone2.csv,../includes/orderedItems250.csv
1362,12,20000,250,1347,52.22,0,../includes/setup_smartphone2.csv,../includes/orderedItems250.csv
1363,12,20000,250,1441,59.076,0,../includes/setup_smartphone2.csv,../includes/orderedItems250.csv
1364,12,20000,250,1436,55.672,0,../includes/setup_smartphone2.csv,../includes/orderedItems250.csv
1365,12,20000,250,1445,56.796,0,../includes/setup_smartphone2.csv,../includes/orderedItems250.csv
1366,12,20000,250,1488,54.82,0,../includes/setup_smartphone2.csv,../includes/orderedItems250.csv
1367,12,20000,250,1423,60.636,0,../includes/setup_smartphone2.csv,../includes/orderedItems250.csv
